Rk,Pk,Tm,Player,College,Yrs,G,MP,PTS,TRB,AST,FG%,3P%,FT%,MP.1,PTS.1,TRB.1,AST.1,WS,WS/48,BPM,VORP,Year,twitter_handle
1,1,WAS,John Wall,Kentucky,10.0,581.0,20803.0,11016.0,2517.0,5326.0,0.433,0.32299999999999995,0.782,35.8,19.0,4.3,9.2,44.6,0.10300000000000001,2.5,23.6,2010,JohnWall
2,2,PHI,Evan Turner,Ohio State,10.0,705.0,18938.0,6824.0,3278.0,2462.0,0.434,0.294,0.782,26.9,9.7,4.6,3.5,20.2,0.051,-1.9,0.5,2010,thekidet
3,3,NJN,Derrick Favors,Georgia Tech,11.0,699.0,17767.0,7876.0,5140.0,797.0,0.531,0.207,0.6609999999999999,25.4,11.3,7.4,1.1,54.8,0.14800000000000002,0.9,12.9,2010,dfavors14
4,4,MIN,Wesley Johnson,Syracuse,9.0,609.0,13472.0,4235.0,1924.0,645.0,0.40399999999999997,0.337,0.741,22.1,7.0,3.2,1.1,10.7,0.038,-1.6,1.2,2010,WesJohnson4
5,5,SAC,DeMarcus Cousins,Kentucky,10.0,577.0,18283.0,12101.0,6222.0,1864.0,0.45899999999999996,0.33,0.737,31.7,21.0,10.8,3.2,44.1,0.11599999999999999,2.6,21.1,2010,boogiecousins
6,6,GSW,Ekpe Udoh,Baylor,7.0,384.0,5694.0,1353.0,1100.0,260.0,0.45299999999999996,0.0,0.718,14.8,3.5,2.9,0.7,10.4,0.08800000000000001,-1.4,0.8,2010,EkpeUdoh
7,7,DET,Greg Monroe,Georgetown,9.0,632.0,17475.0,8326.0,5229.0,1354.0,0.514,0.059000000000000004,0.7040000000000001,27.7,13.2,8.3,2.1,49.7,0.136,1.4,15.2,2010,M10OSE
8,8,LAC,Al-Farouq Aminu,Wake Forest,10.0,688.0,17264.0,5248.0,4170.0,848.0,0.42100000000000004,0.335,0.745,25.1,7.6,6.1,1.2,27.5,0.076,-0.5,6.7,2010,farouq1
9,9,UTA,Gordon Hayward,Butler,11.0,657.0,20333.0,10199.0,2907.0,2275.0,0.45299999999999996,0.368,0.8240000000000001,30.9,15.5,4.4,3.5,55.5,0.131,2.2,21.7,2010,gordonhayward
10,10,IND,Paul George,Fresno State,11.0,668.0,22392.0,13398.0,4262.0,2272.0,0.435,0.384,0.847,33.5,20.1,6.4,3.4,72.1,0.155,4.1,34.5,2010,Yg_Trece
11,11,NOH,Cole Aldrich,Kansas,8.0,339.0,3389.0,1050.0,1131.0,183.0,0.527,,0.738,10.0,3.1,3.3,0.5,9.6,0.135,0.1,1.8,2010,colea45
12,12,MEM,Xavier Henry,Kansas,5.0,185.0,2905.0,1050.0,351.0,120.0,0.406,0.325,0.635,15.7,5.7,1.9,0.6,0.8,0.013000000000000001,-4.4,-1.7,2010,XavierHenry
13,13,TOR,Ed Davis,UNC,11.0,681.0,13438.0,4246.0,4510.0,525.0,0.5660000000000001,0.0,0.584,19.7,6.2,6.6,0.8,42.4,0.152,-0.2,6.1,2010,eddavisXVII
14,14,HOU,Patrick Patterson,Kentucky,11.0,688.0,14429.0,4610.0,2734.0,711.0,0.447,0.369,0.755,21.0,6.7,4.0,1.0,30.6,0.102,-0.1,7.1,2010,pdpatt
15,15,MIL,Larry Sanders,VCU,6.0,238.0,4635.0,1520.0,1345.0,174.0,0.48,0.0,0.5529999999999999,19.5,6.4,5.7,0.7,10.3,0.107,-1.1,1.1,2010,l8show_thegoat
16,16,MIN,Luke Babbitt,Nevada,8.0,381.0,5332.0,1818.0,846.0,224.0,0.408,0.402,0.747,14.0,4.8,2.2,0.6,7.2,0.065,-2.1,-0.1,2010,Realbabbitt08
17,17,CHI,Kevin Séraphin,,7.0,423.0,6430.0,2516.0,1462.0,246.0,0.489,0.0,0.715,15.2,5.9,3.5,0.6,5.9,0.044000000000000004,-4.3,-3.6,2010,french_savage
18,18,OKC,Eric Bledsoe,Kentucky,11.0,645.0,17955.0,9124.0,2562.0,3102.0,0.457,0.33899999999999997,0.792,27.8,14.1,4.0,4.8,42.9,0.115,2.1,18.5,2010,EBled2
19,19,BOS,Avery Bradley,Texas,11.0,578.0,16303.0,6782.0,1683.0,1024.0,0.43700000000000006,0.366,0.78,28.2,11.7,2.9,1.8,16.5,0.048,-2.2,-0.7,2010,Avery0Bradley
20,20,SAS,James Anderson,Oklahoma State,5.0,247.0,4320.0,1422.0,560.0,291.0,0.41100000000000003,0.321,0.755,17.5,5.8,2.3,1.2,3.3,0.037000000000000005,-2.7,-0.8,2010,
21,21,OKC,Craig Brackins,Iowa State,2.0,17.0,121.0,30.0,19.0,9.0,0.265,0.214,0.5,7.1,1.8,1.1,0.5,-0.2,-0.08900000000000001,-9.9,-0.2,2010,Cbrackins_33
22,22,POR,Elliot Williams,Memphis,4.0,109.0,1470.0,537.0,161.0,94.0,0.42100000000000004,0.31,0.669,13.5,4.9,1.5,0.9,0.7,0.024,-4.9,-1.1,2010,ewill901
23,23,MIN,Trevor Booker,Clemson,8.0,532.0,10872.0,3679.0,2932.0,566.0,0.515,0.305,0.636,20.4,6.9,5.5,1.1,26.2,0.11599999999999999,-0.5,4.2,2010,35_Fitz
24,24,ATL,Damion James,Texas,4.0,39.0,623.0,150.0,131.0,26.0,0.415,0.0,0.667,16.0,3.8,3.4,0.7,0.0,-0.001,-3.7,-0.3,2010,KONJames10
25,25,MEM,Dominique Jones,South Florida,3.0,80.0,741.0,246.0,114.0,144.0,0.366,0.095,0.7290000000000001,9.3,3.1,1.4,1.8,0.3,0.017,-2.4,-0.1,2010,
26,26,OKC,Quincy Pondexter,Washington,7.0,355.0,5530.0,1609.0,640.0,263.0,0.423,0.35600000000000004,0.746,15.6,4.5,1.8,0.7,9.7,0.084,-1.8,0.3,2010,QuincyPondexter
27,27,NJN,Jordan Crawford,Xavier,6.0,281.0,6843.0,3432.0,703.0,883.0,0.41100000000000003,0.317,0.826,24.4,12.2,2.5,3.1,6.3,0.044000000000000004,-1.3,1.3,2010,jcraw55
28,28,MEM,Greivis Vásquez,Maryland,7.0,401.0,9520.0,3591.0,1021.0,1935.0,0.418,0.349,0.8170000000000001,23.7,9.0,2.5,4.8,12.6,0.064,-1.2,1.9,2010,greivisvasquez
29,29,ORL,Daniel Orton,Kentucky,3.0,51.0,542.0,143.0,126.0,24.0,0.485,0.0,0.597,10.6,2.8,2.5,0.5,1.0,0.09300000000000001,-3.5,-0.2,2010,danielorton21
30,30,WAS,Lazar Hayward,Marquette,3.0,72.0,591.0,207.0,90.0,35.0,0.34700000000000003,0.26899999999999996,0.767,8.2,2.9,1.3,0.5,0.2,0.02,-4.2,-0.3,2010,
31,31,NJN,Tibor Pleiß,,1.0,12.0,82.0,24.0,15.0,2.0,0.44,0.0,1.0,6.8,2.0,1.3,0.2,-0.1,-0.040999999999999995,-11.6,-0.2,2010,
32,32,MIA,Dexter Pittman,Texas,4.0,50.0,347.0,116.0,89.0,9.0,0.45,,0.545,6.9,2.3,1.8,0.2,0.5,0.068,-7.7,-0.5,2010,
33,33,SAC,Hassan Whiteside,Marshall,9.0,419.0,11051.0,5681.0,4852.0,286.0,0.5820000000000001,0.32,0.606,26.4,13.6,11.6,0.7,45.4,0.19699999999999998,2.8,13.3,2010,youngwhiteside
34,34,POR,Armon Johnson,Nevada,2.0,47.0,401.0,157.0,49.0,56.0,0.45799999999999996,0.4,0.679,8.5,3.3,1.0,1.2,-0.1,-0.015,-4.1,-0.2,2010,AJALLDAY1
35,35,WAS,Nemanja Bjelica,,6.0,351.0,7586.0,2803.0,1666.0,617.0,0.465,0.39,0.775,21.6,8.0,4.7,1.8,16.1,0.102,0.3,4.3,2010,NemanjaBjelica
36,36,DET,Terrico White,Ole Miss,,,,,,,,,,,,,,,,,,2010,TerricoWhite5
37,37,MIL,Darington Hobson,New Mexico,1.0,5.0,39.0,4.0,3.0,6.0,0.154,0.0,,7.8,0.8,0.6,1.2,-0.2,-0.225,-13.0,-0.1,2010,ParkaySmooth
38,38,NYK,Andy Rautins,Syracuse,1.0,5.0,24.0,8.0,1.0,3.0,0.429,0.25,0.5,4.8,1.6,0.2,0.6,-0.2,-0.314,-13.2,-0.1,2010,
39,39,NYK,Landry Fields,Stanford,5.0,255.0,6010.0,1731.0,1092.0,419.0,0.473,0.332,0.6659999999999999,23.6,6.8,4.3,1.6,10.5,0.084,-0.3,2.6,2010,landryfields
40,40,IND,Lance Stephenson,Cincinnati,9.0,508.0,11866.0,4354.0,2124.0,1456.0,0.444,0.315,0.685,23.4,8.6,4.2,2.9,16.7,0.068,-1.2,2.5,2010,StephensonLance
41,41,MIA,Jarvis Varnado,Mississippi State,2.0,37.0,397.0,107.0,72.0,16.0,0.5820000000000001,,0.518,10.7,2.9,1.9,0.4,0.7,0.08900000000000001,-3.3,-0.1,2010,RealSwat32
42,42,MIA,Da'Sean Butler,West Virginia,,,,,,,,,,,,,,,,,,2010,
43,43,LAL,Devin Ebanks,West Virginia,3.0,63.0,711.0,224.0,122.0,24.0,0.385,0.222,0.722,11.3,3.6,1.9,0.4,0.5,0.035,-4.8,-0.5,2010,DevinEbanks3
44,44,MIL,Jerome Jordan,Tulsa,2.0,65.0,491.0,180.0,132.0,17.0,0.528,,0.852,7.6,2.8,2.0,0.3,1.7,0.168,-1.0,0.1,2010,
45,45,MIN,Paulão Prestes,,,,,,,,,,,,,,,,,,,2010,
46,46,PHO,Gani Lawal,Georgia Tech,1.0,1.0,2.0,0.0,0.0,0.0,,,,2.0,0.0,0.0,0.0,0.0,-0.009000000000000001,-15.0,0.0,2010,
47,47,MIL,Tiny Gallon,Oklahoma,,,,,,,,,,,,,,,,,,2010,
48,48,MIA,Latavious Williams,,,,,,,,,,,,,,,,,,,2010,taybowl_
49,49,SAS,Ryan Richards,,,,,,,,,,,,,,,,,,,2010,
50,50,DAL,Solomon Alabi,Florida State,2.0,26.0,181.0,39.0,61.0,5.0,0.314,,0.7,7.0,1.5,2.3,0.2,0.0,0.01,-4.4,-0.1,2010,
51,51,OKC,Magnum Rolle,Louisiana Tech,,,,,,,,,,,,,,,,,,2010,
52,52,BOS,Luke Harangody,Notre Dame,2.0,70.0,871.0,253.0,196.0,36.0,0.376,0.24100000000000002,0.737,12.4,3.6,2.8,0.5,0.9,0.048,-3.5,-0.3,2010,
53,53,ATL,Pape Sy,,1.0,3.0,21.0,7.0,3.0,2.0,0.33299999999999996,0.0,1.0,7.0,2.3,1.0,0.7,0.0,-0.047,-6.0,0.0,2010,
54,54,LAC,Willie Warren,Oklahoma,1.0,19.0,134.0,37.0,12.0,27.0,0.371,0.33299999999999996,0.75,7.1,1.9,0.6,1.4,0.2,0.065,-2.7,0.0,2010,
55,55,UTA,Jeremy Evans,Western Kentucky,7.0,250.0,2626.0,879.0,641.0,107.0,0.569,0.231,0.687,10.5,3.5,2.6,0.4,8.2,0.15,0.9,1.9,2010,JeremyEvans40
56,56,MIN,Hamady N'Diaye,Rutgers University,3.0,33.0,157.0,20.0,25.0,3.0,0.467,,0.462,4.8,0.6,0.8,0.1,0.0,0.013000000000000001,-7.3,-0.2,2010,H55ndiaye
57,57,IND,Ryan Reid,Florida State,1.0,5.0,17.0,8.0,2.0,0.0,0.8,,,3.4,1.6,0.4,0.0,0.1,0.142,-2.0,0.0,2010,
58,58,LAL,Derrick Caracter,Texas-El Paso,1.0,41.0,215.0,81.0,43.0,7.0,0.485,,0.7390000000000001,5.2,2.0,1.0,0.2,0.3,0.057,-7.1,-0.3,2010,RebuildCaracter
59,59,ORL,Stanley Robinson,UConn,,,,,,,,,,,,,,,,,,2010,
60,60,PHO,Dwayne Collins,Miami (FL),,,,,,,,,,,,,,,,,,2010,
1,1,CLE,Kyrie Irving,Duke,10.0,539.0,18213.0,12151.0,2009.0,3074.0,0.467,0.391,0.878,33.8,22.5,3.7,5.7,62.9,0.166,4.6,30.0,2011,KyrieIrving
2,2,MIN,Derrick Williams,Arizona,7.0,428.0,8864.0,3809.0,1693.0,293.0,0.434,0.3,0.71,20.7,8.9,4.0,0.7,14.1,0.076,-1.6,0.8,2011,DWXXIII
3,3,UTA,Enes Kanter,,10.0,657.0,14267.0,7577.0,5027.0,564.0,0.544,0.287,0.7759999999999999,21.7,11.5,7.7,0.9,45.7,0.154,-0.2,6.6,2011,EnesKanter
4,4,CLE,Tristan Thompson,Texas,10.0,633.0,17690.0,5924.0,5514.0,635.0,0.517,0.281,0.611,27.9,9.4,8.7,1.0,43.6,0.11800000000000001,-1.6,1.6,2011,RealTristan13
5,5,TOR,Jonas Valančiūnas,,9.0,571.0,14467.0,7120.0,5077.0,543.0,0.562,0.35100000000000003,0.779,25.3,12.5,8.9,1.0,53.3,0.177,0.7,9.9,2011,JValanciunas
6,6,WAS,Jan Veselý,,3.0,162.0,2455.0,590.0,562.0,96.0,0.521,0.0,0.408,15.2,3.6,3.5,0.6,4.0,0.078,-2.6,-0.4,2011,JanVesely24
7,7,SAC,Bismack Biyombo,,10.0,653.0,13320.0,3394.0,4092.0,368.0,0.522,0.0,0.5710000000000001,20.4,5.2,6.3,0.6,26.2,0.094,-2.6,-2.1,2011,bismackbiyombo
8,8,DET,Brandon Knight,Kentucky,8.0,446.0,13137.0,6269.0,1377.0,1769.0,0.41100000000000003,0.353,0.8059999999999999,29.5,14.1,3.1,4.0,11.5,0.042,-1.6,1.5,2011,Goodknight11
9,9,CHA,Kemba Walker,UConn,10.0,665.0,22443.0,13222.0,2547.0,3595.0,0.419,0.36,0.8370000000000001,33.7,19.9,3.8,5.4,54.7,0.11699999999999999,2.9,27.9,2011,KembaWalker
10,10,MIL,Jimmer Fredette,BYU,6.0,241.0,3213.0,1438.0,243.0,331.0,0.409,0.37200000000000005,0.879,13.3,6.0,1.0,1.4,2.2,0.033,-2.5,-0.4,2011,jimmerfredette
11,11,GSW,Klay Thompson,Washington State,8.0,615.0,20340.0,11995.0,2130.0,1416.0,0.45899999999999996,0.419,0.848,33.1,19.5,3.5,2.3,46.8,0.11,0.7,14.2,2011,KlayThompson
12,12,UTA,Alec Burks,Colorado,10.0,501.0,10974.0,5182.0,1611.0,933.0,0.42200000000000004,0.369,0.7909999999999999,21.9,10.3,3.2,1.9,17.3,0.076,-1.0,2.8,2011,AlecBurks10
13,13,PHO,Markieff Morris,Kansas,10.0,654.0,16474.0,7363.0,3462.0,1073.0,0.44799999999999995,0.345,0.778,25.2,11.3,5.3,1.6,25.8,0.075,-1.3,3.0,2011,Keefmorris
14,14,HOU,Marcus Morris,Kansas,10.0,615.0,16566.0,7412.0,2854.0,922.0,0.43200000000000005,0.369,0.76,26.9,12.1,4.6,1.5,30.6,0.08900000000000001,-0.6,6.0,2011,MookMorris2
15,15,IND,Kawhi Leonard,San Diego State,10.0,539.0,16770.0,10182.0,3433.0,1489.0,0.491,0.384,0.856,31.1,18.9,6.4,2.8,77.4,0.221,6.8,37.4,2011,kawhileonard
16,16,PHI,Nikola Vučević,USC,10.0,616.0,18702.0,10049.0,6309.0,1598.0,0.499,0.34700000000000003,0.748,30.4,16.3,10.2,2.6,50.5,0.13,2.1,19.6,2011,NikolaVucevic
17,17,NYK,Iman Shumpert,Georgia Tech,9.0,459.0,11459.0,3318.0,1533.0,845.0,0.392,0.33799999999999997,0.764,25.0,7.2,3.3,1.8,12.9,0.054000000000000006,-1.7,0.9,2011,imanshumpert
18,18,WAS,Chris Singleton,Florida State,3.0,148.0,2605.0,612.0,472.0,92.0,0.376,0.319,0.633,17.6,4.1,3.2,0.6,2.3,0.042,-3.2,-0.8,2011,C_SING31
19,19,CHA,Tobias Harris,Tennessee,10.0,633.0,19564.0,10143.0,3845.0,1298.0,0.47200000000000003,0.36700000000000005,0.821,30.9,16.0,6.1,2.1,47.1,0.115,1.0,14.6,2011,tobias31
20,20,MIN,Donatas Motiejūnas,,6.0,251.0,4566.0,1832.0,952.0,269.0,0.469,0.3,0.597,18.2,7.3,3.8,1.1,7.1,0.075,-2.5,-0.5,2011,DonatasMot
21,21,POR,Nolan Smith,Duke,2.0,84.0,829.0,277.0,83.0,97.0,0.371,0.26,0.7140000000000001,9.9,3.3,1.0,1.2,-0.8,-0.047,-6.0,-0.8,2011,NdotSmitty
22,22,DEN,Kenneth Faried,Morehead State University,8.0,478.0,11728.0,5430.0,3884.0,470.0,0.546,0.222,0.654,24.5,11.4,8.1,1.0,38.8,0.159,0.5,7.5,2011,KennethFaried35
23,23,HOU,Nikola Mirotić,,5.0,319.0,7718.0,3910.0,1894.0,407.0,0.423,0.359,0.8079999999999999,24.2,12.3,5.9,1.3,20.8,0.129,1.6,7.1,2011,NikolaMirotic33
24,24,OKC,Reggie Jackson,Boston College,10.0,575.0,14309.0,7292.0,1681.0,2484.0,0.428,0.33799999999999997,0.855,24.9,12.7,2.9,4.3,29.8,0.1,0.4,8.7,2011,Reggie_Jackson
25,25,BOS,MarShon Brooks,Providence,5.0,200.0,3456.0,1592.0,424.0,282.0,0.447,0.345,0.7509999999999999,17.3,8.0,2.1,1.4,3.3,0.046,-1.6,0.4,2011,Marshon2
26,26,DAL,Jordan Hamilton,Texas,5.0,151.0,2100.0,890.0,429.0,127.0,0.408,0.35700000000000004,0.67,13.9,5.9,2.8,0.8,3.0,0.069,-0.1,1.0,2011,J_Goin_HAM
27,27,NJN,JaJuan Johnson,Purdue,1.0,36.0,298.0,114.0,58.0,6.0,0.446,,0.667,8.3,3.2,1.6,0.2,0.2,0.032,-3.9,-0.1,2011,JaJuanJohnson
28,28,CHI,Norris Cole,Cleveland State University,6.0,360.0,8018.0,2506.0,702.0,981.0,0.40700000000000003,0.324,0.743,22.3,7.0,2.0,2.7,3.0,0.018000000000000002,-4.1,-4.1,2011,
29,29,SAS,Cory Joseph,Texas,10.0,616.0,13434.0,4227.0,1587.0,1773.0,0.44,0.33,0.768,21.8,6.9,2.6,2.9,24.0,0.086,-1.0,3.6,2011,Cory_Joe
30,30,CHI,Jimmy Butler,Marquette,10.0,587.0,19362.0,9982.0,2996.0,2187.0,0.45399999999999996,0.331,0.836,33.0,17.0,5.1,3.7,75.7,0.188,4.2,30.3,2011,JimmyButler
31,31,MIA,Bojan Bogdanović,,7.0,478.0,13650.0,6786.0,1670.0,723.0,0.457,0.39299999999999996,0.857,28.6,14.2,3.5,1.5,23.2,0.08199999999999999,-1.2,2.6,2011,44Bojan
32,32,CLE,Justin Harper,Richmond,3.0,22.0,150.0,45.0,18.0,4.0,0.34,0.276,0.33299999999999996,6.8,2.0,0.8,0.2,-0.3,-0.09300000000000001,-8.7,-0.2,2011,Tru_Harp32
33,33,DET,Kyle Singler,Duke,6.0,356.0,7794.0,2326.0,1026.0,272.0,0.418,0.36200000000000004,0.7859999999999999,21.9,6.5,2.9,0.8,10.0,0.062,-2.5,-0.9,2011,KyleSingler
34,34,WAS,Shelvin Mack,Butler,8.0,456.0,8392.0,2997.0,894.0,1421.0,0.423,0.33,0.731,18.4,6.6,2.0,3.1,10.3,0.059000000000000004,-1.9,0.1,2011,ShelvinMack
35,35,SAC,Tyler Honeycutt,UCLA,2.0,24.0,120.0,28.0,24.0,9.0,0.314,0.2,0.7140000000000001,5.0,1.2,1.0,0.4,-0.1,-0.049,-5.1,-0.1,2011,thoneycutt23
36,36,NJN,Jordan Williams,Maryland,1.0,43.0,635.0,197.0,156.0,11.0,0.507,,0.652,14.8,4.6,3.6,0.3,1.3,0.10099999999999999,-2.1,0.0,2011,Jwilliams20
37,37,LAC,Trey Thompkins,Georgia,1.0,24.0,119.0,57.0,24.0,3.0,0.39299999999999996,0.308,0.7140000000000001,5.0,2.4,1.0,0.1,0.0,0.004,-5.7,-0.1,2011,
38,38,HOU,Chandler Parsons,Florida,9.0,440.0,13246.0,5571.0,1972.0,1201.0,0.462,0.373,0.713,30.1,12.7,4.5,2.7,28.9,0.105,1.1,10.2,2011,ChandlerParsons
39,39,CHA,Jeremy Tyler,,3.0,104.0,1034.0,373.0,269.0,25.0,0.45,0.0,0.557,9.9,3.6,2.6,0.2,0.3,0.013999999999999999,-7.0,-1.3,2011,jeremytyler3
40,40,MIL,Jon Leuer,Wisconsin,8.0,377.0,5945.0,2395.0,1426.0,301.0,0.484,0.32799999999999996,0.767,15.8,6.4,3.8,0.8,13.2,0.107,-0.7,2.0,2011,JonLeuer30
41,41,LAL,Darius Morris,Michigan,4.0,132.0,1464.0,430.0,126.0,189.0,0.384,0.322,0.63,11.1,3.3,1.0,1.4,-0.3,-0.01,-5.1,-1.2,2011,dariusmorris4
42,42,IND,Dāvis Bertāns,,5.0,285.0,5373.0,2329.0,794.0,327.0,0.43700000000000006,0.408,0.846,18.9,8.2,2.8,1.1,13.3,0.11900000000000001,1.1,4.2,2011,DBertans_42
43,43,CHI,Malcolm Lee,UCLA,3.0,36.0,534.0,140.0,65.0,51.0,0.382,0.294,0.703,14.8,3.9,1.8,1.4,0.4,0.04,-2.5,-0.1,2011,
44,44,GSW,Charles Jenkins,Hofstra,2.0,110.0,1334.0,408.0,100.0,214.0,0.434,0.182,0.754,12.1,3.7,0.9,1.9,0.5,0.017,-4.5,-0.8,2011,
45,45,NOH,Josh Harrellson,Kentucky,3.0,75.0,888.0,265.0,227.0,26.0,0.43799999999999994,0.34700000000000003,0.629,11.8,3.5,3.0,0.3,2.1,0.11599999999999999,-0.4,0.4,2011,BigJorts55
46,46,LAL,Andrew Goudelock,College of Charleston,3.0,49.0,475.0,197.0,34.0,24.0,0.39299999999999996,0.345,0.875,9.7,4.0,0.7,0.5,0.0,0.003,-5.0,-0.3,2011,
47,47,LAC,Travis Leslie,Georgia,1.0,10.0,45.0,14.0,9.0,5.0,0.35700000000000004,,0.444,4.5,1.4,0.9,0.5,0.1,0.06,-0.3,0.0,2011,FlightLeslie23
48,48,ATL,Keith Benson,Oakland,1.0,3.0,9.0,0.0,3.0,0.0,0.0,,,3.0,0.0,1.0,0.0,0.0,-0.005,-7.7,0.0,2011,RealKITO
49,49,MEM,Josh Selby,Kansas,2.0,38.0,296.0,83.0,20.0,34.0,0.33,0.14300000000000002,0.72,7.8,2.2,0.5,0.9,-0.7,-0.113,-9.5,-0.6,2011,
50,50,PHI,Lavoy Allen,Temple,6.0,388.0,6905.0,1847.0,1843.0,384.0,0.47100000000000003,0.133,0.682,17.8,4.8,4.8,1.0,13.8,0.096,-2.1,-0.1,2011,chefVOYardee
51,51,POR,Jon Diebler,Ohio State,,,,,,,,,,,,,,,,,,2011,
52,52,DET,Vernon Macklin,Florida,1.0,23.0,135.0,46.0,34.0,5.0,0.5429999999999999,,0.5710000000000001,5.9,2.0,1.5,0.2,0.5,0.161,1.2,0.1,2011,vernon_macklin
53,53,ORL,DeAndre Liggins,Kentucky,5.0,177.0,1907.0,346.0,252.0,122.0,0.402,0.35200000000000004,0.5489999999999999,10.8,2.0,1.4,0.7,1.6,0.04,-2.2,-0.1,2011,Dreliggs34
54,54,CLE,Milan Mačvan,,,,,,,,,,,,,,,,,,,2011,
55,55,BOS,E'Twaun Moore,Purdue,10.0,573.0,12184.0,4612.0,1164.0,1015.0,0.455,0.39,0.738,21.3,8.0,2.0,1.8,14.3,0.055999999999999994,-1.9,0.3,2011,ETwaun55
56,56,LAL,Chukwudiebere Maduabum,,,,,,,,,,,,,,,,,,,2011,
57,57,DAL,Targuy Ngombo,,,,,,,,,,,,,,,,,,,2011,
58,58,LAL,Ater Majok,,,,,,,,,,,,,,,,,,,2011,
59,59,SAS,Ádám Hanga,,,,,,,,,,,,,,,,,,,2011,
60,60,SAC,Isaiah Thomas,Washington,9.0,525.0,15182.0,9508.0,1288.0,2599.0,0.436,0.364,0.872,28.9,18.1,2.5,5.0,45.3,0.14300000000000002,2.3,16.5,2011,isaiahthomas
1,1,NOH,Anthony Davis,Kentucky,9.0,544.0,18761.0,13026.0,5625.0,1239.0,0.516,0.32,0.8009999999999999,34.5,23.9,10.3,2.3,85.7,0.21899999999999997,6.3,39.3,2012,AntDavis23
2,2,CHA,Michael Kidd-Gilchrist,Kentucky,8.0,446.0,10978.0,3750.0,2420.0,515.0,0.474,0.272,0.715,24.6,8.4,5.4,1.2,21.0,0.092,-1.8,0.6,2012,MKG14
3,3,WAS,Bradley Beal,Florida,9.0,556.0,19224.0,11805.0,2229.0,2225.0,0.45299999999999996,0.379,0.809,34.6,21.2,4.0,4.0,42.8,0.107,1.7,17.7,2012,RealDealBeal23
4,4,CLE,Dion Waiters,Syracuse,8.0,419.0,11835.0,5505.0,1108.0,1163.0,0.41200000000000003,0.34600000000000003,0.6940000000000001,28.2,13.1,2.6,2.8,8.8,0.036000000000000004,-2.1,-0.4,2012,dionwaiters3
5,5,SAC,Thomas Robinson,Kansas,5.0,313.0,4204.0,1528.0,1507.0,190.0,0.47,0.0,0.505,13.4,4.9,4.8,0.6,4.6,0.053,-3.5,-1.6,2012,Trobinson0
6,6,POR,Damian Lillard,Weber State,9.0,631.0,22961.0,15346.0,2650.0,4121.0,0.43700000000000006,0.373,0.8909999999999999,36.4,24.3,4.2,6.5,84.3,0.17600000000000002,4.7,38.8,2012,Dame_Lillard
7,7,GSW,Harrison Barnes,UNC,9.0,628.0,19632.0,8623.0,3102.0,1043.0,0.44799999999999995,0.375,0.7979999999999999,31.3,13.7,4.9,1.7,35.3,0.086,-1.0,4.8,2012,hbarnes
8,8,TOR,Terrence Ross,Washington,9.0,578.0,14313.0,6428.0,1635.0,651.0,0.42,0.369,0.8320000000000001,24.8,11.1,2.8,1.1,22.8,0.077,-0.6,5.2,2012,TerrenceRoss
9,9,DET,Andre Drummond,UConn,9.0,615.0,19076.0,8970.0,8522.0,821.0,0.539,0.136,0.465,31.0,14.6,13.9,1.3,61.4,0.154,1.4,16.5,2012,AndreDrummond
10,10,NOH,Austin Rivers,Duke,9.0,564.0,13827.0,5152.0,1196.0,1297.0,0.418,0.35,0.644,24.5,9.1,2.1,2.3,11.7,0.040999999999999995,-3.1,-3.7,2012,AustinRivers25
11,11,POR,Meyers Leonard,Illinois,9.0,447.0,7158.0,2502.0,1737.0,395.0,0.48200000000000004,0.39,0.809,16.0,5.6,3.9,0.9,15.5,0.10400000000000001,-1.4,1.0,2012,MeyersLeonard
12,12,HOU,Jeremy Lamb,UConn,9.0,485.0,10296.0,5099.0,1807.0,773.0,0.445,0.34,0.853,21.2,10.5,3.7,1.6,23.9,0.111,0.7,7.1,2012,jlamb
13,13,PHO,Kendall Marshall,UNC,4.0,160.0,3083.0,802.0,253.0,779.0,0.39899999999999997,0.37,0.611,19.3,5.0,1.6,4.9,1.0,0.015,-3.5,-1.1,2012,KButter5
14,14,MIL,John Henson,UNC,8.0,445.0,8752.0,3383.0,2368.0,496.0,0.54,0.25,0.568,19.7,7.6,5.3,1.1,20.7,0.113,-0.4,3.4,2012,Johnhenson31
15,15,PHI,Maurice Harkless,St. John's,9.0,546.0,12480.0,3860.0,2005.0,510.0,0.478,0.326,0.61,22.9,7.1,3.7,0.9,21.9,0.084,-0.5,4.7,2012,moe_harkless
16,16,HOU,Royce White,Iowa State,1.0,3.0,9.0,0.0,0.0,0.0,0.0,,,3.0,0.0,0.0,0.0,0.0,-0.121,-16.9,0.0,2012,Highway_30
17,17,DAL,Tyler Zeller,UNC,8.0,414.0,7254.0,2873.0,1820.0,367.0,0.508,0.28600000000000003,0.764,17.5,6.9,4.4,0.9,17.1,0.113,-2.0,0.0,2012,ZellerTyler
18,18,HOU,Terrence Jones,Kentucky,6.0,234.0,5562.0,2431.0,1334.0,238.0,0.501,0.297,0.621,23.8,10.4,5.7,1.0,14.7,0.127,0.5,3.6,2012,TerrenceJones1
19,19,ORL,Andrew Nicholson,St. Bonaventure,5.0,285.0,4080.0,1700.0,857.0,126.0,0.467,0.321,0.773,14.3,6.0,3.0,0.4,3.8,0.045,-3.6,-1.6,2012,nicholaf44
20,20,DEN,Evan Fournier,,9.0,532.0,15114.0,7542.0,1451.0,1393.0,0.45,0.376,0.805,28.4,14.2,2.7,2.6,24.9,0.079,-1.1,3.4,2012,EvanFourmizz
21,21,BOS,Jared Sullinger,Ohio State,5.0,269.0,6532.0,2893.0,2006.0,477.0,0.436,0.272,0.723,24.3,10.8,7.5,1.8,15.3,0.113,-0.4,2.7,2012,Jared_Sully0
22,22,BOS,Fab Melo,Syracuse,1.0,6.0,36.0,7.0,3.0,0.0,0.5,,0.25,6.0,1.2,0.5,0.0,0.0,0.021,-7.6,-0.1,2012,
23,23,ATL,John Jenkins,Vanderbilt,6.0,171.0,2183.0,855.0,250.0,138.0,0.441,0.36700000000000005,0.847,12.8,5.0,1.5,0.8,3.0,0.065,-1.9,0.1,2012,JohnnyCashVU23
24,24,CLE,Jared Cunningham,Oregon State,4.0,84.0,605.0,197.0,56.0,39.0,0.34700000000000003,0.306,0.674,7.2,2.3,0.7,0.5,0.2,0.017,-5.7,-0.6,2012,J1Flight
25,25,MEM,Tony Wroten,Washington,4.0,145.0,3076.0,1604.0,363.0,437.0,0.413,0.231,0.647,21.2,11.1,2.5,3.0,-1.3,-0.021,-3.4,-1.1,2012,TWroten_LOE
26,26,IND,Miles Plumlee,Duke,7.0,346.0,5658.0,1697.0,1562.0,178.0,0.542,,0.5429999999999999,16.4,4.9,4.5,0.5,10.6,0.09,-1.9,0.2,2012,milesplumlee13
27,27,MIA,Arnett Moultrie,Mississippi State,2.0,59.0,729.0,210.0,180.0,12.0,0.547,,0.667,12.4,3.6,3.1,0.2,1.7,0.113,-2.8,-0.1,2012,amoultrie
28,28,OKC,Perry Jones,Baylor,3.0,143.0,1675.0,488.0,252.0,54.0,0.42,0.293,0.66,11.7,3.4,1.8,0.4,1.7,0.048,-3.5,-0.6,2012,Perry_Jones1
29,29,CHI,Marquis Teague,Kentucky,3.0,91.0,909.0,217.0,90.0,134.0,0.34299999999999997,0.222,0.6609999999999999,10.0,2.4,1.0,1.5,-0.9,-0.045,-6.5,-1.0,2012,marquisteague25
30,30,GSW,Festus Ezeli,Vanderbilt,3.0,170.0,2394.0,712.0,725.0,63.0,0.513,,0.557,14.1,4.2,4.3,0.4,5.9,0.11900000000000001,-2.0,0.0,2012,festus
31,31,CHA,Jeff Taylor,Vanderbilt,3.0,132.0,2566.0,807.0,263.0,107.0,0.409,0.319,0.665,19.4,6.1,2.0,0.8,1.3,0.024,-4.2,-1.5,2012,
32,32,WAS,Tomáš Satoranský,,5.0,281.0,6519.0,2060.0,859.0,1162.0,0.46799999999999997,0.369,0.815,23.2,7.3,3.1,4.1,13.9,0.102,-0.6,2.4,2012,satoransky
33,33,CLE,Bernard James,Florida State,3.0,92.0,761.0,203.0,212.0,13.0,0.49700000000000005,0.0,0.68,8.3,2.2,2.3,0.1,1.9,0.11699999999999999,-1.8,0.0,2012,BernardJame5
34,34,CLE,Jae Crowder,Marquette,9.0,623.0,15462.0,5975.0,2574.0,966.0,0.42,0.34,0.779,24.8,9.6,4.1,1.6,33.3,0.10400000000000001,0.1,8.3,2012,CJC9BOSS
35,35,GSW,Draymond Green,Michigan State,9.0,589.0,16545.0,5235.0,4025.0,2941.0,0.434,0.318,0.7090000000000001,28.1,8.9,6.8,5.0,44.6,0.129,2.6,19.4,2012,Money23Green
36,36,SAC,Orlando Johnson,UC Santa Barbara,3.0,103.0,1112.0,329.0,180.0,69.0,0.358,0.311,0.727,10.8,3.2,1.7,0.7,1.4,0.059000000000000004,-2.4,-0.1,2012,OrlandoVJohnson
37,37,TOR,Quincy Acy,Baylor,7.0,337.0,5392.0,1642.0,1179.0,217.0,0.444,0.35,0.759,16.0,4.9,3.5,0.6,8.7,0.078,-2.0,-0.1,2012,QuincyAcy
38,38,DEN,Quincy Miller,Baylor,3.0,69.0,934.0,295.0,169.0,37.0,0.35,0.292,0.706,13.5,4.3,2.4,0.5,-0.1,-0.003,-3.9,-0.5,2012,qmillertime
39,39,DET,Khris Middleton,Texas A&M,9.0,533.0,16808.0,8774.0,2505.0,1825.0,0.46,0.39299999999999996,0.878,31.5,16.5,4.7,3.4,41.3,0.11800000000000001,0.7,11.3,2012,Khris22m
40,40,POR,Will Barton,Memphis,9.0,513.0,12591.0,5676.0,2161.0,1301.0,0.433,0.34700000000000003,0.784,24.5,11.1,4.2,2.5,21.3,0.081,-0.1,6.1,2012,WillTheThrillB5
41,41,POR,Tyshawn Taylor,Kansas,2.0,61.0,491.0,174.0,33.0,57.0,0.354,0.36,0.684,8.0,2.9,0.5,0.9,-0.9,-0.08800000000000001,-8.1,-0.8,2012,tyshawntaylor
42,42,MIL,Doron Lamb,Kentucky,2.0,100.0,1272.0,345.0,95.0,75.0,0.381,0.39399999999999996,0.7,12.7,3.5,1.0,0.8,0.1,0.005,-5.8,-1.2,2012,DLamb20
43,43,ATL,Mike Scott,Virginia,9.0,512.0,8483.0,3562.0,1629.0,460.0,0.457,0.361,0.759,16.6,7.0,3.2,0.9,15.8,0.08900000000000001,-1.7,0.6,2012,mikescott
44,44,DET,Kim English,Missouri,1.0,41.0,407.0,119.0,37.0,26.0,0.375,0.28,0.7240000000000001,9.9,2.9,0.9,0.6,0.2,0.021,-4.2,-0.2,2012,Englishscope24
45,45,PHI,Justin Hamilton,LSU,3.0,113.0,1961.0,687.0,403.0,91.0,0.46399999999999997,0.309,0.7979999999999999,17.4,6.1,3.6,0.8,3.7,0.091,-0.9,0.5,2012,Justin__41
46,46,NOH,Darius Miller,Kentucky,6.0,256.0,5175.0,1527.0,424.0,347.0,0.41700000000000004,0.381,0.83,20.2,6.0,1.7,1.4,5.8,0.054000000000000006,-2.6,-0.7,2012,DmillerKY
47,47,UTA,Kevin Murphy,Tennessee Technological University,1.0,17.0,52.0,15.0,4.0,2.0,0.25,0.2,,3.1,0.9,0.2,0.1,-0.3,-0.272,-16.8,-0.2,2012,KMurph_55
48,48,NYK,Kostas Papanikolaou,,2.0,69.0,1089.0,249.0,158.0,101.0,0.354,0.297,0.688,15.8,3.6,2.3,1.5,0.3,0.015,-2.7,-0.2,2012,
49,49,ORL,Kyle O'Quinn,Norfolk State,8.0,472.0,6714.0,2568.0,2166.0,643.0,0.517,0.218,0.74,14.2,5.4,4.6,1.4,17.8,0.128,0.9,5.0,2012,Kyle_OQuinn
50,50,DEN,İzzet Türkyılmaz,,,,,,,,,,,,,,,,,,,2012,
51,51,BOS,Kris Joseph,Syracuse,1.0,10.0,54.0,9.0,7.0,1.0,0.14300000000000002,0.0,0.625,5.4,0.9,0.7,0.1,-0.1,-0.127,-9.9,-0.1,2012,RealKrisJo
52,52,GSW,Ognjen Kuzmić,,2.0,37.0,164.0,35.0,38.0,8.0,0.52,,0.6,4.4,0.9,1.0,0.2,0.2,0.061,-5.6,-0.2,2012,
53,53,LAC,Furkan Aldemir,,1.0,41.0,540.0,93.0,176.0,28.0,0.513,0.0,0.48100000000000004,13.2,2.3,4.3,0.7,1.4,0.122,-3.6,-0.2,2012,furkanaldemir19
54,54,PHI,Tornike Shengelia,,2.0,45.0,247.0,59.0,39.0,17.0,0.451,0.125,0.5,5.5,1.3,0.9,0.4,-0.2,-0.032,-7.0,-0.3,2012,TokoShengelia23
55,55,DAL,Darius Johnson-Odom,Marquette,2.0,7.0,21.0,0.0,6.0,2.0,0.0,0.0,0.0,3.0,0.0,0.9,0.3,-0.3,-0.597,-25.5,-0.1,2012,KingMe_DJ1
56,56,TOR,Tomislav Zubčić,,,,,,,,,,,,,,,,,,,2012,TomislavZubcic7
57,57,NJN,İlkan Karaman,,,,,,,,,,,,,,,,,,,2012,ilknkrmn
58,58,MIN,Robbie Hummel,Purdue,2.0,98.0,1397.0,379.0,266.0,50.0,0.418,0.34299999999999997,0.867,14.3,3.9,2.7,0.5,1.9,0.066,-3.1,-0.4,2012,RobbieHummel
59,59,SAS,Marcus Denmon,Missouri,,,,,,,,,,,,,,,,,,2012,MizzouMonster12
60,60,LAL,Robert Sacre,Gonzaga,4.0,189.0,2745.0,787.0,593.0,126.0,0.436,0.0,0.6709999999999999,14.5,4.2,3.1,0.7,2.4,0.042,-4.0,-1.4,2012,Bobby_Sacre
1,1,CLE,Anthony Bennett,UNLV,4.0,151.0,1905.0,658.0,472.0,77.0,0.392,0.261,0.67,12.6,4.4,3.1,0.5,0.5,0.013000000000000001,-4.8,-1.3,2013,AnthonyBennett
2,2,ORL,Victor Oladipo,Indiana,8.0,433.0,14287.0,7550.0,1997.0,1701.0,0.44,0.35,0.792,33.0,17.4,4.6,3.9,24.8,0.083,1.0,10.9,2013,VicOladipo
3,3,WAS,Otto Porter,Georgetown,8.0,427.0,11407.0,4726.0,2129.0,646.0,0.48200000000000004,0.405,0.7909999999999999,26.7,11.1,5.0,1.5,30.9,0.13,1.7,10.7,2013,OttoPorter
4,4,CHA,Cody Zeller,Indiana,8.0,423.0,9676.0,3637.0,2517.0,588.0,0.513,0.235,0.731,22.9,8.6,6.0,1.4,27.9,0.139,-0.5,3.7,2013,CodyZeller
5,5,PHO,Alex Len,Maryland,8.0,475.0,9267.0,3740.0,2936.0,399.0,0.495,0.33799999999999997,0.6890000000000001,19.5,7.9,6.2,0.8,18.0,0.09300000000000001,-2.1,-0.2,2013,alexlen
6,6,NOH,Nerlens Noel,Kentucky,7.0,377.0,8237.0,2944.0,2324.0,429.0,0.542,0.25,0.6459999999999999,21.8,7.8,6.2,1.1,22.1,0.129,0.9,6.0,2013,NerlensNoel3
7,7,SAC,Ben McLemore,Kansas,8.0,448.0,10530.0,4029.0,1093.0,481.0,0.42100000000000004,0.36700000000000005,0.779,23.5,9.0,2.4,1.1,8.1,0.037000000000000005,-3.0,-2.6,2013,BenMcLemore
8,8,DET,Kentavious Caldwell-Pope,Georgia,8.0,553.0,16074.0,6389.0,1739.0,897.0,0.419,0.353,0.7979999999999999,29.1,11.6,3.1,1.6,28.9,0.086,-0.7,5.4,2013,CaldwellPope
9,9,MIN,Trey Burke,Michigan,8.0,410.0,9411.0,4346.0,813.0,1412.0,0.41100000000000003,0.348,0.8009999999999999,23.0,10.6,2.0,3.4,12.3,0.063,-1.1,2.2,2013,TreyBurke
10,10,POR,CJ McCollum,Lehigh,8.0,494.0,15319.0,9231.0,1638.0,1571.0,0.455,0.39899999999999997,0.828,31.0,18.7,3.3,3.2,34.0,0.106,1.1,12.1,2013,CJMcCollum
11,11,PHI,Michael Carter-Williams,Syracuse,8.0,367.0,9258.0,3785.0,1610.0,1584.0,0.402,0.253,0.713,25.2,10.3,4.4,4.3,7.1,0.037000000000000005,-1.0,2.3,2013,mcarterwilliams
12,12,OKC,Steven Adams,Pitt,8.0,545.0,14658.0,5331.0,4165.0,654.0,0.589,0.1,0.556,26.9,9.8,7.6,1.2,46.3,0.152,0.4,8.9,2013,RealStevenAdams
13,13,DAL,Kelly Olynyk,Gonzaga,8.0,515.0,11051.0,4980.0,2501.0,976.0,0.474,0.369,0.774,21.5,9.7,4.9,1.9,29.0,0.126,0.8,7.6,2013,KellyOlynyk
14,14,UTA,Shabazz Muhammad,UCLA,5.0,278.0,4772.0,2504.0,770.0,151.0,0.473,0.319,0.7509999999999999,17.2,9.0,2.8,0.5,8.5,0.085,-2.0,0.0,2013,ShabazzMuhammad
15,15,MIL,Giannis Antetokounmpo,,8.0,543.0,17622.0,11007.0,4858.0,2355.0,0.527,0.285,0.7170000000000001,32.5,20.3,8.9,4.3,66.3,0.18100000000000002,5.0,31.1,2013,Giannis_An34
16,16,BOS,Lucas Nogueira,,4.0,141.0,1754.0,446.0,388.0,72.0,0.632,0.265,0.64,12.4,3.2,2.8,0.5,6.0,0.165,2.3,1.9,2013,Bebe92
17,17,ATL,Dennis Schröder,,8.0,514.0,13207.0,7243.0,1472.0,2336.0,0.435,0.335,0.826,25.7,14.1,2.9,4.5,17.5,0.064,-1.2,2.7,2013,DennisMike93
18,18,ATL,Shane Larkin,Miami (FL),4.0,256.0,4880.0,1399.0,490.0,737.0,0.42200000000000004,0.336,0.777,19.1,5.5,1.9,2.9,4.4,0.044000000000000004,-2.4,-0.6,2013,ShaneLarkin_3
19,19,CLE,Sergey Karasev,,3.0,95.0,1110.0,287.0,140.0,87.0,0.395,0.282,0.8420000000000001,11.7,3.0,1.5,0.9,0.8,0.036000000000000004,-3.4,-0.4,2013,
20,20,CHI,Tony Snell,New Mexico,8.0,508.0,11344.0,3248.0,1164.0,585.0,0.42700000000000005,0.385,0.838,22.3,6.4,2.3,1.2,16.0,0.068,-2.1,-0.1,2013,TonySnell21_
21,21,UTA,Gorgui Dieng,Louisville,8.0,525.0,11512.0,4139.0,3210.0,718.0,0.5,0.349,0.79,21.9,7.9,6.1,1.4,28.0,0.11699999999999999,0.2,6.4,2013,GorguiDieng
22,22,BRK,Mason Plumlee,Duke,8.0,549.0,11930.0,4568.0,3440.0,1237.0,0.573,0.055999999999999994,0.565,21.7,8.3,6.3,2.3,35.4,0.14300000000000002,1.3,9.8,2013,masonplumlee
23,23,IND,Solomon Hill,Arizona,8.0,380.0,8319.0,2210.0,1204.0,592.0,0.39399999999999996,0.33799999999999997,0.8029999999999999,21.9,5.8,3.2,1.6,11.0,0.064,-2.0,-0.1,2013,solohill
24,24,NYK,Tim Hardaway Jr.,Michigan,8.0,490.0,13117.0,6668.0,1328.0,906.0,0.42100000000000004,0.355,0.813,26.8,13.6,2.7,1.8,20.4,0.075,-1.0,3.3,2013,
25,25,LAC,Reggie Bullock,UNC,8.0,316.0,6338.0,2215.0,693.0,361.0,0.42700000000000005,0.38299999999999995,0.82,20.1,7.0,2.2,1.1,10.6,0.08,-1.0,1.7,2013,ReggieBullock35
26,26,MIN,Andre Roberson,Colorado,6.0,302.0,6738.0,1376.0,1215.0,261.0,0.47700000000000004,0.255,0.46799999999999997,22.3,4.6,4.0,0.9,12.7,0.09,-0.6,2.4,2013,FlyDre21
27,27,DEN,Rudy Gobert,,8.0,490.0,14473.0,5744.0,5407.0,669.0,0.639,0.0,0.626,29.5,11.7,11.0,1.4,65.6,0.218,3.7,20.8,2013,rudygobert27
28,28,SAS,Livio Jean-Charles,,,,,,,,,,,,,,,,,,,2013,
29,29,OKC,Archie Goodwin,Kentucky,4.0,165.0,2396.0,1040.0,331.0,206.0,0.429,0.23600000000000002,0.7,14.5,6.3,2.0,1.2,1.1,0.022000000000000002,-3.0,-0.6,2013,
30,30,PHO,Nemanja Nedović,,1.0,24.0,142.0,26.0,15.0,13.0,0.205,0.16699999999999998,0.875,5.9,1.1,0.6,0.5,-0.4,-0.132,-10.0,-0.3,2013,
31,31,CLE,Allen Crabbe,California,7.0,381.0,9125.0,3453.0,1073.0,434.0,0.425,0.387,0.831,24.0,9.1,2.8,1.1,13.7,0.07200000000000001,-1.6,0.9,2013,allencrabbe
32,32,OKC,Álex Abrines,,3.0,174.0,2777.0,924.0,248.0,88.0,0.387,0.368,0.88,16.0,5.3,1.4,0.5,5.0,0.086,-1.9,0.1,2013,alexabrines
33,33,CLE,Carrick Felix,Arizona State,1.0,7.0,38.0,19.0,6.0,4.0,0.5,0.4,0.75,5.4,2.7,0.9,0.6,0.0,0.057,-3.4,0.0,2013,C_Felix0
34,34,HOU,Isaiah Canaan,Murray State,6.0,235.0,4799.0,1913.0,438.0,454.0,0.371,0.35100000000000003,0.836,20.4,8.1,1.9,1.9,4.3,0.043,-2.4,-0.5,2013,SiP03
35,35,PHI,Glen Rice Jr.,Georgia Tech,2.0,16.0,152.0,43.0,24.0,9.0,0.26899999999999996,0.25,0.6920000000000001,9.5,2.7,1.5,0.6,-0.2,-0.065,-6.6,-0.2,2013,
36,36,SAC,Ray McCallum,Detroit Mercy,3.0,154.0,2808.0,920.0,306.0,368.0,0.408,0.335,0.711,18.2,6.0,2.0,2.4,2.1,0.035,-2.6,-0.4,2013,RayMac3
37,37,DET,Tony Mitchell,University of North Texas,1.0,21.0,79.0,22.0,26.0,2.0,0.41700000000000004,1.0,0.579,3.8,1.0,1.2,0.1,0.2,0.151,0.4,0.0,2013,tmitch_5
38,38,WAS,Nate Wolters,South Dakota State,3.0,84.0,1575.0,461.0,185.0,209.0,0.423,0.261,0.635,18.8,5.5,2.2,2.5,0.9,0.027999999999999997,-2.6,-0.2,2013,NateWolters
39,39,POR,Jeff Withey,Kansas,5.0,206.0,2072.0,666.0,518.0,64.0,0.525,0.14300000000000002,0.716,10.1,3.2,2.5,0.3,6.8,0.157,0.5,1.3,2013,JeffWithey
40,40,POR,Grant Jerrett,Arizona,1.0,8.0,51.0,16.0,9.0,3.0,0.26899999999999996,0.067,1.0,6.4,2.0,1.1,0.4,-0.1,-0.128,-10.8,-0.1,2013,
41,41,MEM,Jamaal Franklin,San Diego State,2.0,24.0,174.0,42.0,25.0,9.0,0.415,0.462,1.0,7.3,1.8,1.0,0.4,0.0,-0.006,-5.9,-0.2,2013,
42,42,PHI,Pierre Jackson,Baylor,1.0,8.0,84.0,35.0,9.0,19.0,0.33299999999999996,0.273,0.857,10.5,4.4,1.1,2.4,0.0,0.021,-4.4,-0.1,2013,PAPPYGAWD
43,43,MIL,Ricky Ledo,Providence,2.0,28.0,277.0,109.0,38.0,21.0,0.336,0.371,0.769,9.9,3.9,1.4,0.8,-0.6,-0.096,-7.6,-0.4,2013,REALRICKLEDO1
44,44,DAL,Mike Muscala,Bucknell,8.0,369.0,5733.0,2130.0,1158.0,338.0,0.45799999999999996,0.368,0.84,15.5,5.8,3.1,0.9,13.7,0.115,-0.3,2.5,2013,mikemuscala
45,45,POR,Marko Todorović,,,,,,,,,,,,,,,,,,,2013,
46,46,UTA,Erick Green,Virginia Tech,2.0,52.0,452.0,159.0,37.0,42.0,0.377,0.28800000000000003,0.857,8.7,3.1,0.7,0.8,0.1,0.011000000000000001,-4.0,-0.2,2013,
47,47,ATL,Raul Neto,,6.0,264.0,3671.0,1328.0,336.0,489.0,0.451,0.382,0.7829999999999999,13.9,5.0,1.3,1.9,6.1,0.08,-1.4,0.5,2013,RaulTogni
48,48,LAL,Ryan Kelly,Duke,4.0,163.0,3125.0,981.0,504.0,215.0,0.37799999999999995,0.316,0.797,19.2,6.0,3.1,1.3,3.0,0.046,-2.6,-0.5,2013,RyanKelly34
49,49,CHI,Erik Murphy,Florida,1.0,24.0,62.0,6.0,8.0,2.0,0.231,0.0,,2.6,0.3,0.3,0.1,-0.1,-0.055,-8.6,-0.1,2013,
50,50,ATL,James Ennis,Cal State Long Beach,7.0,358.0,7196.0,2305.0,1160.0,325.0,0.45299999999999996,0.349,0.797,20.1,6.4,3.2,0.9,14.3,0.095,-1.5,0.9,2013,JamesDa_Truth
51,51,ORL,Romero Osby,Oklahoma,,,,,,,,,,,,,,,,,,2013,ROEOSBY24
52,52,MIN,Lorenzo Brown,NC State,5.0,103.0,1185.0,293.0,151.0,183.0,0.364,0.17,0.7070000000000001,11.5,2.8,1.5,1.8,-0.2,-0.006999999999999999,-3.5,-0.5,2013,Zo_Brown
53,53,IND,Colton Iverson,Colorado State,,,,,,,,,,,,,,,,,,2013,
54,54,WAS,Arsalan Kazemi,Oregon,,,,,,,,,,,,,,,,,,2013,kazemiworld
55,55,MEM,Joffrey Lauvergne,,4.0,208.0,2823.0,1159.0,789.0,180.0,0.479,0.285,0.7190000000000001,13.6,5.6,3.8,0.9,5.2,0.08900000000000001,-2.1,-0.1,2013,1JOLOLO
56,56,DET,Peyton Siva,Louisville,1.0,24.0,224.0,54.0,14.0,34.0,0.316,0.28,0.733,9.3,2.3,0.6,1.4,-0.2,-0.032,-6.4,-0.2,2013,PeypeySiva3
57,57,PHO,Alex Oriakhi,Missouri,,,,,,,,,,,,,,,,,,2013,aoriakhi42
58,58,SAS,Deshaun Thomas,Ohio State,,,,,,,,,,,,,,,,,,2013,DT1UpNComin
59,59,MIN,Bojan Dubljević,,,,,,,,,,,,,,,,,,,2013,
60,60,MEM,Jānis Timma,,,,,,,,,,,,,,,,,,,2013,janis_timma
1,1,CLE,Andrew Wiggins,Kansas,7.0,471.0,16786.0,9245.0,2063.0,1103.0,0.442,0.336,0.731,35.6,19.6,4.4,2.3,15.8,0.045,-1.9,0.4,2014,22wiggins
2,2,MIL,Jabari Parker,Duke,6.0,285.0,8258.0,4255.0,1633.0,593.0,0.493,0.324,0.74,29.0,14.9,5.7,2.1,13.2,0.077,-0.8,2.4,2014,JabariParker
3,3,PHI,Joel Embiid,Kansas,5.0,223.0,6800.0,5393.0,2558.0,689.0,0.484,0.32299999999999995,0.7959999999999999,30.5,24.2,11.5,3.1,25.5,0.18,4.6,11.2,2014,JoelEmbiid
4,4,ORL,Aaron Gordon,Arizona,7.0,419.0,11991.0,5379.0,2707.0,1034.0,0.44799999999999995,0.321,0.695,28.6,12.8,6.5,2.5,22.6,0.091,0.1,6.2,2014,Double0AG
5,5,UTA,Dante Exum,,6.0,245.0,4545.0,1389.0,441.0,515.0,0.40700000000000003,0.305,0.764,18.6,5.7,1.8,2.1,3.1,0.033,-3.3,-1.5,2014,daanteee
6,6,BOS,Marcus Smart,Oklahoma State,7.0,416.0,12091.0,4154.0,1471.0,1721.0,0.374,0.319,0.773,29.1,10.0,3.5,4.1,21.9,0.087,-0.2,5.3,2014,smart_MS3
7,7,LAL,Julius Randle,Kentucky,7.0,393.0,11596.0,6441.0,3579.0,1155.0,0.49200000000000005,0.3,0.7290000000000001,29.5,16.4,9.1,2.9,22.6,0.094,-0.3,5.1,2014,J30_RANDLE
8,8,SAC,Nik Stauskas,Michigan,5.0,335.0,6662.0,2272.0,688.0,513.0,0.389,0.353,0.8140000000000001,19.9,6.8,2.1,1.5,3.8,0.027999999999999997,-3.0,-1.7,2014,NStauskas11
9,9,CHH,Noah Vonleh,Indiana,6.0,335.0,5672.0,1660.0,1741.0,256.0,0.46,0.31,0.691,16.9,5.0,5.2,0.8,9.3,0.079,-2.4,-0.5,2014,
10,10,PHI,Elfrid Payton,Louisiana,7.0,405.0,11878.0,4474.0,1773.0,2637.0,0.451,0.289,0.628,29.3,11.0,4.4,6.5,15.2,0.062,-0.6,4.1,2014,elfrid
11,11,DEN,Doug McDermott,Creighton,7.0,427.0,8606.0,3577.0,963.0,371.0,0.466,0.41,0.821,20.2,8.4,2.3,0.9,14.8,0.08199999999999999,-2.0,0.0,2014,dougmcdermott
12,12,ORL,Dario Šarić,,5.0,313.0,8226.0,3817.0,1928.0,641.0,0.441,0.358,0.838,26.3,12.2,6.2,2.0,14.9,0.087,-0.7,2.6,2014,dariosaric
13,13,MIN,Zach LaVine,UCLA,7.0,370.0,11462.0,6699.0,1368.0,1365.0,0.45,0.377,0.823,31.0,18.1,3.7,3.7,13.7,0.057,-0.5,4.5,2014,ZachLaVine
14,14,PHO,T.J. Warren,NC State,7.0,332.0,9553.0,5142.0,1372.0,397.0,0.507,0.35700000000000004,0.78,28.8,15.5,4.1,1.2,19.6,0.099,-0.2,4.2,2014,TonyWarrenJr
15,15,ATL,Adreian Payne,Michigan State,4.0,107.0,1403.0,429.0,315.0,66.0,0.406,0.254,0.68,13.1,4.0,2.9,0.6,-0.6,-0.019,-5.9,-1.4,2014,Adreian_Payne
16,16,CHI,Jusuf Nurkić,,7.0,330.0,7636.0,3867.0,2654.0,654.0,0.491,0.125,0.67,23.1,11.7,8.0,2.0,17.6,0.111,0.2,4.1,2014,bosnianbeast27
17,17,BOS,James Young,Kentucky,4.0,95.0,812.0,219.0,96.0,28.0,0.36700000000000005,0.27699999999999997,0.563,8.5,2.3,1.0,0.3,0.8,0.046,-3.4,-0.3,2014,realjamesyoung
18,18,PHO,Tyler Ennis,Syracuse,4.0,186.0,2336.0,779.0,250.0,359.0,0.419,0.317,0.768,12.6,4.2,1.3,1.9,1.3,0.026000000000000002,-3.4,-0.8,2014,TylerEnnis
19,19,CHI,Gary Harris,Michigan State,7.0,383.0,11139.0,4623.0,1000.0,801.0,0.45399999999999996,0.36,0.8009999999999999,29.1,12.1,2.6,2.1,18.6,0.08,-1.0,2.7,2014,thats_G_
20,20,TOR,Bruno Caboclo,,7.0,105.0,1293.0,442.0,268.0,72.0,0.40299999999999997,0.308,0.836,12.3,4.2,2.6,0.7,1.5,0.055,-2.7,-0.2,2014,Bruno_Caboclo
21,21,OKC,Mitch McGary,Michigan,2.0,52.0,557.0,227.0,183.0,17.0,0.527,0.0,0.58,10.7,4.4,3.5,0.3,1.3,0.10800000000000001,-2.6,-0.1,2014,mitchmcgary
22,22,MEM,Jordan Adams,UCLA,2.0,32.0,263.0,101.0,30.0,19.0,0.402,0.385,0.607,8.2,3.2,0.9,0.6,0.4,0.07,1.7,0.2,2014,jordanadams1231
23,23,UTA,Rodney Hood,Duke,7.0,354.0,9522.0,4293.0,998.0,663.0,0.425,0.371,0.8390000000000001,26.9,12.1,2.8,1.9,16.9,0.085,-0.7,3.2,2014,rodneyhood
24,24,CHH,Shabazz Napier,UConn,6.0,345.0,5986.0,2433.0,657.0,849.0,0.397,0.345,0.815,17.4,7.1,1.9,2.5,8.1,0.065,-0.7,2.0,2014,ShabazzNapier
25,25,HOU,Clint Capela,,7.0,347.0,9057.0,4259.0,3432.0,338.0,0.631,0.0,0.527,26.1,12.3,9.9,1.0,38.0,0.201,2.0,9.0,2014,CapelaClint
26,26,MIA,P.J. Hairston,UNC,2.0,111.0,2000.0,664.0,266.0,59.0,0.34299999999999997,0.295,0.81,18.0,6.0,2.4,0.5,0.9,0.021,-3.9,-1.0,2014,
27,27,PHO,Bogdan Bogdanović,,4.0,218.0,6101.0,2920.0,707.0,751.0,0.43200000000000005,0.373,0.8079999999999999,28.0,13.4,3.2,3.4,9.0,0.071,-0.6,2.2,2014,LeaderOfHorde
28,28,LAC,C.J. Wilcox,Washington,3.0,66.0,376.0,132.0,31.0,30.0,0.37,0.33299999999999996,0.813,5.7,2.0,0.5,0.5,0.1,0.006999999999999999,-4.3,-0.2,2014,UCjwilcox23W
29,29,OKC,Josh Huestis,Stanford,3.0,76.0,1068.0,187.0,180.0,23.0,0.34600000000000003,0.312,0.24,14.1,2.5,2.4,0.3,0.7,0.03,-3.5,-0.4,2014,jhuestis
30,30,SAS,Kyle Anderson,UCLA,7.0,380.0,7598.0,2154.0,1550.0,787.0,0.483,0.315,0.706,20.0,5.7,4.1,2.1,18.6,0.11699999999999999,1.4,6.5,2014,KyleAnderson5
31,31,MIL,Damien Inglis,,1.0,20.0,156.0,36.0,31.0,10.0,0.35100000000000003,0.231,0.875,7.8,1.8,1.6,0.5,-0.1,-0.024,-5.6,-0.1,2014,DamienINGLIS
32,32,PHI,K.J. McDaniels,Clemson,3.0,148.0,2092.0,782.0,324.0,95.0,0.41200000000000003,0.29,0.7759999999999999,14.1,5.3,2.2,0.6,1.3,0.03,-2.8,-0.4,2014,KJMcDaniels
33,33,CLE,Joe Harris,Virginia,7.0,350.0,8627.0,3726.0,1118.0,572.0,0.48,0.431,0.774,24.6,10.6,3.2,1.6,16.3,0.09,-0.7,2.8,2014,JoeHarris4
34,34,NYK,Cleanthony Early,Wichita State,2.0,56.0,801.0,241.0,123.0,42.0,0.34600000000000003,0.263,0.75,14.3,4.3,2.2,0.8,-0.6,-0.039,-5.9,-0.8,2014,Clearly_BallLyf
35,35,UTA,Jarnell Stokes,Tennessee,3.0,28.0,151.0,67.0,40.0,7.0,0.581,,0.531,5.4,2.4,1.4,0.3,0.6,0.20199999999999999,0.1,0.1,2014,JarnellStokes
36,36,MIL,Johnny O'Bryant,LSU,4.0,147.0,1684.0,509.0,352.0,69.0,0.402,0.36,0.6629999999999999,11.5,3.5,2.4,0.5,0.2,0.006,-6.2,-1.8,2014,
37,37,TOR,DeAndre Daniels,UConn,,,,,,,,,,,,,,,,,,2014,D_Daniels2
38,38,DET,Spencer Dinwiddie,Colorado,7.0,320.0,8226.0,4123.0,888.0,1587.0,0.41,0.318,0.794,25.7,12.9,2.8,5.0,18.4,0.107,0.3,4.8,2014,SDinwiddie_25
39,39,PHI,Jerami Grant,Syracuse,7.0,471.0,11741.0,4633.0,1859.0,532.0,0.46299999999999997,0.35100000000000003,0.6829999999999999,24.9,9.8,3.9,1.1,24.6,0.1,-0.6,4.0,2014,JeramiGrant
40,40,MIN,Glenn Robinson III,Michigan,7.0,294.0,5163.0,1775.0,757.0,232.0,0.45899999999999996,0.37799999999999995,0.7759999999999999,17.6,6.0,2.6,0.8,7.8,0.073,-1.6,0.5,2014,
41,41,DEN,Nikola Jokić,,6.0,398.0,11659.0,6894.0,3859.0,2256.0,0.527,0.33799999999999997,0.8270000000000001,29.3,17.3,9.7,5.7,52.3,0.215,7.3,27.3,2014,JokicNikola15
42,42,HOU,Nick Johnson,Arizona,1.0,28.0,262.0,74.0,39.0,11.0,0.34700000000000003,0.23800000000000002,0.68,9.4,2.6,1.4,0.4,-0.1,-0.02,-6.5,-0.3,2014,
43,43,ATL,Edy Tavares,,2.0,13.0,101.0,33.0,32.0,4.0,0.625,,0.273,7.8,2.5,2.5,0.3,0.2,0.11800000000000001,-0.4,0.0,2014,waltertavares22
44,44,MIN,Markel Brown,Oklahoma State,3.0,113.0,1794.0,584.0,234.0,132.0,0.38,0.295,0.7809999999999999,15.9,5.2,2.1,1.2,1.1,0.028999999999999998,-2.9,-0.4,2014,iMarkelBrown22
45,45,CHH,Dwight Powell,Stanford,7.0,380.0,7134.0,2912.0,1743.0,375.0,0.562,0.292,0.7390000000000001,18.8,7.7,4.6,1.0,26.4,0.17800000000000002,1.4,6.1,2014,DwightPowell33
46,46,WAS,Jordan Clarkson,Missouri,7.0,469.0,12629.0,6978.0,1495.0,1194.0,0.447,0.345,0.821,26.9,14.9,3.2,2.5,15.4,0.057999999999999996,-0.6,4.5,2014,JordanClarksons
47,47,PHI,Russ Smith,Louisville,2.0,27.0,131.0,53.0,15.0,19.0,0.319,0.188,0.769,4.9,2.0,0.6,0.7,-0.2,-0.068,-5.1,-0.1,2014,
48,48,MIL,Lamar Patterson,Pitt,2.0,40.0,435.0,93.0,57.0,45.0,0.326,0.23600000000000002,0.72,10.9,2.3,1.4,1.1,0.1,0.006,-5.7,-0.4,2014,LP21_
49,49,CHI,Cameron Bairstow,New Mexico,2.0,36.0,167.0,44.0,36.0,7.0,0.29600000000000004,0.2,0.846,4.6,1.2,1.0,0.2,-0.1,-0.021,-8.1,-0.3,2014,
50,50,PHO,Alec Brown,Green Bay,,,,,,,,,,,,,,,,,,2014,AlecBrown21
51,51,NYK,Thanasis Antetokounmpo,,3.0,35.0,265.0,95.0,50.0,27.0,0.56,0.111,0.45,7.6,2.7,1.4,0.8,0.4,0.077,-3.4,-0.1,2014,Thanasis_ante43
52,52,PHI,Vasilije Micić,,,,,,,,,,,,,,,,,,,2014,
53,53,MIN,Alessandro Gentile,,,,,,,,,,,,,,,,,,,2014,
54,54,PHI,Nemanja Dangubić,,,,,,,,,,,,,,,,,,,2014,DangubicNemanja
55,55,MIA,Semaj Christon,Xavier,1.0,64.0,973.0,183.0,87.0,130.0,0.345,0.19,0.5479999999999999,15.2,2.9,1.4,2.0,0.1,0.006,-5.1,-0.8,2014,SemajChriston
56,56,DEN,Devyn Marble,Iowa,2.0,44.0,457.0,97.0,69.0,29.0,0.304,0.222,0.375,10.4,2.2,1.6,0.7,-0.3,-0.027999999999999997,-5.5,-0.4,2014,DevMarble
57,57,IND,Louis Labeyrie,,,,,,,,,,,,,,,,,,,2014,
58,58,SAS,Jordan McRae,Tennessee,4.0,123.0,1696.0,846.0,225.0,167.0,0.41700000000000004,0.355,0.772,13.8,6.9,1.8,1.4,1.7,0.048,-2.1,0.0,2014,JordyMac52
59,59,TOR,Xavier Thames,San Diego State,,,,,,,,,,,,,,,,,,2014,Xthames2
60,60,SAS,Cory Jefferson,Baylor,2.0,58.0,581.0,205.0,161.0,16.0,0.444,0.125,0.583,10.0,3.5,2.8,0.3,0.9,0.071,-3.3,-0.2,2014,CoryJay34
1,1,MIN,Karl-Anthony Towns,Kentucky,6.0,362.0,12439.0,8201.0,4259.0,1009.0,0.5329999999999999,0.396,0.833,34.4,22.7,11.8,2.8,51.0,0.19699999999999998,4.8,21.4,2015,KarlTowns
2,2,LAL,D'Angelo Russell,Ohio State,6.0,331.0,9634.0,5819.0,1218.0,1743.0,0.42100000000000004,0.358,0.769,29.1,17.6,3.7,5.3,8.7,0.044000000000000004,0.3,5.7,2015,Dloading
3,3,PHI,Jahlil Okafor,Duke,6.0,230.0,4583.0,2467.0,1126.0,215.0,0.539,0.2,0.675,19.9,10.7,4.9,0.9,6.8,0.071,-2.0,0.0,2015,JahlilOkafor
4,4,NYK,Kristaps Porziņģis,,5.0,250.0,7792.0,4614.0,1915.0,358.0,0.436,0.35600000000000004,0.8029999999999999,31.2,18.5,7.7,1.4,17.8,0.11,1.2,6.2,2015,kporzee
5,5,ORL,Mario Hezonja,,5.0,330.0,6107.0,2284.0,1026.0,415.0,0.41700000000000004,0.319,0.812,18.5,6.9,3.1,1.3,3.2,0.025,-2.8,-1.2,2015,mariohezonja
6,6,SAC,Willie Cauley-Stein,Kentucky,6.0,366.0,8516.0,3467.0,2284.0,568.0,0.54,0.19,0.61,23.3,9.5,6.2,1.6,21.2,0.12,0.0,4.3,2015,THEwillieCS15
7,7,DEN,Emmanuel Mudiay,,5.0,300.0,7176.0,3296.0,884.0,1139.0,0.401,0.32299999999999995,0.7440000000000001,23.9,11.0,2.9,3.8,-0.2,-0.001,-3.2,-2.2,2015,emmanuelmudiay
8,8,DET,Stanley Johnson,Arizona,6.0,325.0,6555.0,2090.0,1049.0,470.0,0.375,0.29600000000000004,0.754,20.2,6.4,3.2,1.4,3.9,0.028999999999999998,-2.7,-1.2,2015,iAmSJ
9,9,CHO,Frank Kaminsky,Wisconsin,6.0,330.0,7131.0,3175.0,1320.0,535.0,0.42200000000000004,0.34700000000000003,0.746,21.6,9.6,4.0,1.6,12.5,0.084,-0.6,2.4,2015,FSKPart3
10,10,MIA,Justise Winslow,Duke,5.0,241.0,6848.0,2181.0,1295.0,657.0,0.41700000000000004,0.337,0.6459999999999999,28.4,9.0,5.4,2.7,7.7,0.054000000000000006,-1.8,0.3,2015,IAmJustise
11,11,IND,Myles Turner,Texas,6.0,357.0,10180.0,4570.0,2381.0,437.0,0.489,0.355,0.767,28.5,12.8,6.7,1.2,27.9,0.132,0.7,6.9,2015,Original_Turner
12,12,UTA,Trey Lyles,Kentucky,6.0,360.0,6422.0,2623.0,1519.0,379.0,0.433,0.33899999999999997,0.703,17.8,7.3,4.2,1.1,10.4,0.078,-1.2,1.2,2015,TreyLyles
13,13,PHO,Devin Booker,Kentucky,6.0,356.0,11957.0,8003.0,1291.0,1668.0,0.449,0.353,0.8690000000000001,33.6,22.5,3.6,4.7,17.8,0.071,-0.2,5.3,2015,DevinBooker31
14,14,OKC,Cameron Payne,Murray State,6.0,174.0,2864.0,1087.0,333.0,457.0,0.40700000000000003,0.34700000000000003,0.8,16.5,6.2,1.9,2.6,3.3,0.055,-1.8,0.2,2015,campayne
15,15,ATL,Kelly Oubre Jr.,Kansas,6.0,365.0,8852.0,3981.0,1536.0,347.0,0.42700000000000005,0.322,0.7759999999999999,24.3,10.9,4.2,1.0,12.0,0.065,-2.0,-0.1,2015,
16,16,BOS,Terry Rozier,Louisville,6.0,352.0,8173.0,3544.0,1317.0,940.0,0.4,0.375,0.8059999999999999,23.2,10.1,3.7,2.7,14.2,0.083,0.0,4.1,2015,T_Rozzay3
17,17,MIL,Rashad Vaughn,UNLV,3.0,139.0,1671.0,423.0,158.0,75.0,0.337,0.313,0.6920000000000001,12.0,3.0,1.1,0.5,-0.6,-0.017,-4.7,-1.2,2015,ShowtimeMr1
18,18,HOU,Sam Dekker,Wisconsin,4.0,200.0,3096.0,1094.0,607.0,160.0,0.478,0.28800000000000003,0.606,15.5,5.5,3.0,0.8,5.4,0.083,-1.4,0.5,2015,dekker
19,19,WAS,Jerian Grant,Notre Dame,5.0,279.0,4998.0,1692.0,530.0,805.0,0.41100000000000003,0.32299999999999995,0.77,17.9,6.1,1.9,2.9,8.3,0.08,-1.6,0.5,2015,JerianGrant
20,20,TOR,Delon Wright,Utah,6.0,288.0,5838.0,2121.0,901.0,854.0,0.44799999999999995,0.345,0.7959999999999999,20.3,7.4,3.1,3.0,16.1,0.132,2.1,6.0,2015,delonwright
21,21,DAL,Justin Anderson,Virginia,5.0,226.0,2964.0,1182.0,575.0,151.0,0.413,0.29600000000000004,0.774,13.1,5.2,2.5,0.7,4.6,0.07400000000000001,-1.4,0.5,2015,JusAnderson1
22,22,CHI,Bobby Portis,Arkansas,6.0,331.0,6801.0,3393.0,1999.0,398.0,0.46,0.363,0.754,20.5,10.3,6.0,1.2,12.2,0.086,-1.2,1.4,2015,BPortistime
23,23,POR,Rondae Hollis-Jefferson,Arizona,5.0,294.0,6652.0,2733.0,1658.0,566.0,0.44799999999999995,0.213,0.738,22.6,9.3,5.6,1.9,12.5,0.09,-0.7,2.2,2015,IAmCHAP24
24,24,CLE,Tyus Jones,Duke,6.0,325.0,5942.0,1842.0,520.0,1178.0,0.43,0.337,0.8009999999999999,18.3,5.7,1.6,3.6,12.1,0.098,0.0,3.0,2015,1Tyus
25,25,MEM,Jarell Martin,LSU,4.0,184.0,2927.0,998.0,639.0,114.0,0.434,0.34600000000000003,0.7659999999999999,15.9,5.4,3.5,0.6,3.2,0.053,-4.3,-1.7,2015,MartinJarell
26,26,SAS,Nikola Milutinov,,,,,,,,,,,,,,,,,,,2015,NMilutinov
27,27,LAL,Larry Nance Jr.,Wyoming,6.0,331.0,7947.0,2730.0,2194.0,615.0,0.535,0.33899999999999997,0.69,24.0,8.2,6.6,1.9,21.8,0.131,1.3,6.7,2015,
28,28,BOS,R.J. Hunter,Georgia State University,4.0,45.0,395.0,133.0,46.0,19.0,0.371,0.295,0.818,8.8,3.0,1.0,0.4,0.4,0.051,-2.0,0.0,2015,
29,29,BRK,Chris McCullough,Syracuse,3.0,59.0,532.0,194.0,112.0,15.0,0.426,0.306,0.5479999999999999,9.0,3.3,1.9,0.3,0.6,0.054000000000000006,-2.5,-0.1,2015,briskuno
30,30,GSW,Kevon Looney,UCLA,6.0,241.0,3365.0,1042.0,896.0,239.0,0.574,0.17800000000000002,0.606,14.0,4.3,3.7,1.0,11.0,0.157,-0.6,1.2,2015,Loon_Rebel5
31,31,MIN,Cedi Osman,,4.0,219.0,5547.0,2179.0,770.0,449.0,0.431,0.364,0.718,25.3,9.9,3.5,2.1,4.5,0.039,-2.8,-1.1,2015,cediosman
32,32,HOU,Montrezl Harrell,Louisville,6.0,336.0,7090.0,4284.0,1697.0,443.0,0.615,0.09300000000000001,0.643,21.1,12.8,5.1,1.3,28.4,0.192,2.5,8.1,2015,MONSTATREZZ
33,33,BOS,Jordan Mickey,LSU,3.0,64.0,482.0,152.0,128.0,17.0,0.449,0.11800000000000001,0.605,7.5,2.4,2.0,0.3,0.5,0.05,-4.8,-0.3,2015,Jmickey_02
34,34,LAL,Anthony Brown,Stanford,3.0,41.0,762.0,161.0,103.0,28.0,0.32799999999999996,0.28600000000000003,0.85,18.6,3.9,2.5,0.7,-0.2,-0.016,-5.1,-0.6,2015,TwoShotOne
35,35,PHI,Willy Hernangómez,,5.0,212.0,3018.0,1449.0,1138.0,219.0,0.53,0.33,0.682,14.2,6.8,5.4,1.0,8.6,0.13699999999999998,0.1,1.6,2015,willyhg94
36,36,MIN,Rakeem Christmas,Syracuse,2.0,30.0,225.0,63.0,57.0,4.0,0.467,,0.7240000000000001,7.5,2.1,1.9,0.1,0.5,0.105,-4.7,-0.2,2015,R_Xmas25
37,37,PHI,Richaun Holmes,Bowling Green,6.0,285.0,5527.0,2468.0,1465.0,283.0,0.59,0.256,0.731,19.4,8.7,5.1,1.0,18.8,0.16399999999999998,0.6,3.5,2015,Rich_Holmes22
38,38,DET,Darrun Hilliard,Villanova,3.0,91.0,859.0,295.0,85.0,71.0,0.377,0.304,0.747,9.4,3.2,0.9,0.8,0.3,0.016,-4.7,-0.6,2015,DHilliard6X
39,39,CHO,Juan Pablo Vaulet,,,,,,,,,,,,,,,,,,,2015,
40,40,MIA,Josh Richardson,Tennessee,6.0,322.0,9902.0,3999.0,1020.0,917.0,0.426,0.36200000000000004,0.821,30.8,12.4,3.2,2.8,18.1,0.08800000000000001,-0.4,4.0,2015,J_Rich1
41,41,BRK,Pat Connaughton,Notre Dame,6.0,296.0,4678.0,1431.0,840.0,378.0,0.44299999999999995,0.35100000000000003,0.7959999999999999,15.8,4.8,2.8,1.3,11.0,0.113,-0.2,2.1,2015,pconnaughton
42,42,UTA,Olivier Hanlan,Boston College,,,,,,,,,,,,,,,,,,2015,
43,43,IND,Joe Young,Oregon,3.0,127.0,1077.0,429.0,130.0,119.0,0.39299999999999996,0.29600000000000004,0.768,8.5,3.4,1.0,0.9,0.4,0.016,-4.1,-0.6,2015,JoeyBuckets3
44,44,PHO,Andrew Harrison,Kentucky,3.0,145.0,2987.0,1012.0,287.0,399.0,0.373,0.294,0.779,20.6,7.0,2.0,2.8,3.2,0.051,-2.8,-0.6,2015,DrewRoc5
45,45,BOS,Marcus Thornton,William & Mary,,,,,,,,,,,,,,,,,,2015,M3Thornton
46,46,MIL,Norman Powell,UCLA,6.0,324.0,6186.0,2871.0,767.0,423.0,0.45399999999999996,0.363,0.821,19.1,8.9,2.4,1.3,12.6,0.098,-0.4,2.5,2015,npowell2404
47,47,PHI,Artūras Gudaitis,,,,,,,,,,,,,,,,,,,2015,GudaitisAG
48,48,OKC,Dakari Johnson,Kentucky,1.0,31.0,161.0,55.0,34.0,8.0,0.564,,0.55,5.2,1.8,1.1,0.3,0.6,0.17800000000000002,-0.3,0.1,2015,DakariJohnson
49,49,WAS,Aaron White,Iowa,,,,,,,,,,,,,,,,,,2015,Aaron_White30
50,50,ATL,Marcus Eriksson,,,,,,,,,,,,,,,,,,,2015,
51,51,ORL,Tyler Harvey,Eastern Washington,,,,,,,,,,,,,,,,,,2015,YoungTRaaw
52,52,DAL,Satnam Singh,,,,,,,,,,,,,,,,,,,2015,
53,53,CLE,Sir'Dominic Pointer,St. John's,,,,,,,,,,,,,,,,,,2015,Sirdom1
54,54,UTA,Dani Díez,,,,,,,,,,,,,,,,,,,2015,
55,55,SAS,Cady Lalanne,UMass,,,,,,,,,,,,,,,,,,2015,Lac25_
56,56,NOP,Branden Dawson,Michigan State,1.0,6.0,29.0,5.0,4.0,0.0,0.4,,1.0,4.8,0.8,0.7,0.0,0.0,0.069,-5.7,0.0,2015,
57,57,DEN,Nikola Radičević,,,,,,,,,,,,,,,,,,,2015,nikoradicevic
58,58,PHI,J.P. Tokoto,UNC,,,,,,,,,,,,,,,,,,2015,AirPierreTokoto
59,59,ATL,Dimitrios Agravanis,,,,,,,,,,,,,,,,,,,2015,
60,60,PHI,Luka Mitrović,,,,,,,,,,,,,,,,,,,2015,mitar_mitar9
1,1,PHI,Ben Simmons,LSU,4.0,233.0,7971.0,3757.0,1935.0,1852.0,0.5579999999999999,0.1,0.597,34.2,16.1,8.3,7.9,25.8,0.155,3.8,11.7,2016,BenSimmons25
2,2,LAL,Brandon Ingram,Duke,5.0,267.0,8643.0,4466.0,1361.0,878.0,0.46,0.361,0.731,32.4,16.7,5.1,3.3,10.8,0.06,-1.2,1.8,2016,B_Ingram13
3,3,BOS,Jaylen Brown,California,5.0,295.0,7861.0,4091.0,1335.0,451.0,0.474,0.376,0.6859999999999999,26.6,13.9,4.5,1.5,16.1,0.098,-0.7,2.7,2016,FCHWPO
4,4,PHO,Dragan Bender,,4.0,187.0,3755.0,1014.0,720.0,237.0,0.39899999999999997,0.32299999999999995,0.654,20.1,5.4,3.9,1.3,0.5,0.006,-4.0,-1.9,2016,DBender03
5,5,MIN,Kris Dunn,Providence,4.0,227.0,5516.0,1884.0,760.0,948.0,0.42200000000000004,0.306,0.726,24.3,8.3,3.3,4.2,3.9,0.034,-1.8,0.2,2016,KrisDunn3
6,6,NOP,Buddy Hield,Oklahoma,5.0,332.0,9278.0,5261.0,1381.0,742.0,0.43799999999999994,0.408,0.866,27.9,15.8,4.2,2.2,12.7,0.066,0.4,5.7,2016,buddyhield
7,7,DEN,Jamal Murray,Kentucky,5.0,313.0,9239.0,4930.0,1125.0,1159.0,0.44,0.35700000000000004,0.872,29.5,15.8,3.6,3.7,17.3,0.09,-0.1,4.3,2016,BeMore27
8,8,SAC,Marquese Chriss,Washington,5.0,258.0,4992.0,2052.0,1263.0,281.0,0.455,0.289,0.667,19.3,8.0,4.9,1.1,5.7,0.055,-2.3,-0.4,2016,quese
9,9,TOR,Jakob Poeltl,Utah,5.0,296.0,4934.0,1616.0,1447.0,308.0,0.633,0.5,0.518,16.7,5.5,4.9,1.0,17.1,0.16699999999999998,0.7,3.4,2016,JakobPoeltl
10,10,MIL,Thon Maker,,5.0,263.0,3624.0,1216.0,726.0,161.0,0.435,0.327,0.68,13.8,4.6,2.8,0.6,6.6,0.08800000000000001,-2.1,-0.1,2016,ThonMaker14
11,11,ORL,Domantas Sabonis,Gonzaga,5.0,308.0,8063.0,3876.0,2531.0,850.0,0.523,0.325,0.7190000000000001,26.2,12.6,8.2,2.8,22.6,0.135,0.6,5.4,2016,Dsabonis11
12,12,UTA,Taurean Prince,Baylor,5.0,276.0,7172.0,3152.0,1176.0,524.0,0.41200000000000003,0.36700000000000005,0.825,26.0,11.4,4.3,1.9,5.9,0.04,-1.8,0.3,2016,taureanprince
13,13,PHO,Georgios Papagiannis,,2.0,39.0,477.0,160.0,123.0,29.0,0.514,0.0,0.857,12.2,4.1,3.2,0.7,0.4,0.044000000000000004,-3.9,-0.2,2016,G_P_06
14,14,CHI,Denzel Valentine,Michigan State,4.0,183.0,3805.0,1415.0,671.0,374.0,0.401,0.368,0.759,20.8,7.7,3.7,2.0,3.8,0.049,-1.6,0.4,2016,denzelvalentine
15,15,DEN,Juan Hernangómez,,5.0,216.0,3534.0,1156.0,761.0,142.0,0.426,0.355,0.722,16.4,5.4,3.5,0.7,6.3,0.085,-1.8,0.2,2016,juanchiviris41
16,16,BOS,Guerschon Yabusele,,2.0,74.0,486.0,173.0,105.0,31.0,0.442,0.32299999999999995,0.682,6.6,2.3,1.4,0.4,1.1,0.105,-1.9,0.0,2016,DTP_Mario
17,17,MEM,Wade Baldwin,Vanderbilt,3.0,56.0,579.0,174.0,69.0,78.0,0.355,0.25,0.7759999999999999,10.3,3.1,1.2,1.4,-0.3,-0.027999999999999997,-5.3,-0.5,2016,The_Fourth_Wade
18,18,DET,Henry Ellenson,Marquette,4.0,81.0,749.0,327.0,194.0,44.0,0.37200000000000005,0.34299999999999997,0.774,9.2,4.0,2.4,0.5,0.3,0.018000000000000002,-3.8,-0.3,2016,HenryEllenson13
19,19,DEN,Malik Beasley,Florida State,5.0,236.0,4347.0,2124.0,514.0,251.0,0.44799999999999995,0.387,0.821,18.4,9.0,2.2,1.1,7.1,0.078,-1.1,1.0,2016,Mbeasy5
20,20,IND,Caris LeVert,Michigan,5.0,225.0,5828.0,2937.0,840.0,836.0,0.433,0.33899999999999997,0.711,25.9,13.1,3.7,3.7,8.0,0.066,-0.5,2.2,2016,CarisLeVert
21,21,ATL,DeAndre' Bembry,Saint Joseph's,5.0,198.0,3721.0,1183.0,649.0,366.0,0.44799999999999995,0.268,0.5920000000000001,18.8,6.0,3.3,1.8,1.0,0.013000000000000001,-2.9,-0.8,2016,fearthefro95
22,22,CHO,Malachi Richardson,Syracuse,3.0,70.0,625.0,198.0,70.0,24.0,0.358,0.301,0.7829999999999999,8.9,2.8,1.0,0.3,-0.1,-0.009000000000000001,-6.1,-0.7,2016,KingMali23
23,23,BOS,Ante Žižić,,3.0,113.0,1517.0,674.0,446.0,64.0,0.581,,0.711,13.4,6.0,3.9,0.6,3.5,0.11,-2.6,-0.2,2016,Ante__Zizic
24,24,PHI,Timothé Luwawu-Cabarrot,,5.0,237.0,3887.0,1481.0,483.0,208.0,0.397,0.33899999999999997,0.8270000000000001,16.4,6.2,2.0,0.9,3.9,0.048,-4.1,-2.0,2016,timcabs
25,25,LAC,Brice Johnson,UNC,2.0,21.0,107.0,47.0,34.0,3.0,0.449,0.0,0.6,5.1,2.2,1.6,0.1,0.1,0.062,-0.6,0.0,2016,bjohnson_23
26,26,PHI,Furkan Korkmaz,,4.0,141.0,2438.0,1052.0,302.0,141.0,0.41,0.373,0.7709999999999999,17.3,7.5,2.1,1.0,3.8,0.07400000000000001,-1.9,0.1,2016,FurkanKorkmaz
27,27,TOR,Pascal Siakam,New Mexico State,5.0,290.0,7692.0,3803.0,1651.0,697.0,0.495,0.32799999999999996,0.764,26.5,13.1,5.7,2.4,21.8,0.136,1.2,6.2,2016,pskills43
28,28,PHO,Skal Labissière,Kentucky,4.0,148.0,2595.0,1069.0,662.0,152.0,0.49200000000000005,0.353,0.748,17.5,7.2,4.5,1.0,4.4,0.081,-2.3,-0.2,2016,OneBigHaitian
29,29,SAS,Dejounte Murray,Washington,4.0,202.0,4271.0,1752.0,1005.0,642.0,0.45,0.33899999999999997,0.7490000000000001,21.1,8.7,5.0,3.2,6.8,0.077,0.0,2.2,2016,DejounteMurray
30,30,GSW,Damian Jones,Vanderbilt,5.0,109.0,1513.0,488.0,327.0,65.0,0.662,0.2,0.667,13.9,4.5,3.0,0.6,4.4,0.139,-1.7,0.1,2016,dameology
31,31,BOS,Deyonta Davis,Michigan State,3.0,107.0,1299.0,454.0,346.0,47.0,0.599,0.0,0.635,12.1,4.2,3.2,0.4,3.6,0.131,-2.1,0.0,2016,DeyontaDavis_04
32,32,LAL,Ivica Zubac,,5.0,229.0,3700.0,1697.0,1281.0,216.0,0.574,0.0,0.76,16.2,7.4,5.6,0.9,13.5,0.175,0.4,2.2,2016,ivicazubac
33,33,LAC,Cheick Diallo,Kansas,4.0,180.0,2155.0,947.0,747.0,78.0,0.598,0.28600000000000003,0.772,12.0,5.3,4.2,0.4,6.3,0.14,-1.3,0.4,2016,cheick_diallo13
34,34,PHO,Tyler Ulis,Kentucky,3.0,133.0,2782.0,998.0,223.0,537.0,0.40299999999999997,0.28,0.8079999999999999,20.9,7.5,1.7,4.0,0.5,0.008,-3.6,-1.1,2016,tulis3
35,35,BOS,Rade Zagorac,,,,,,,,,,,,,,,,,,,2016,zagorac_rade
36,36,MIL,Malcolm Brogdon,Virginia,5.0,258.0,7542.0,3672.0,989.0,1177.0,0.469,0.38799999999999996,0.895,29.2,14.2,3.8,4.6,19.3,0.12300000000000001,0.9,5.5,2016,MalcolmBrogdon7
37,37,HOU,Chinanu Onuaku,Louisville,2.0,6.0,74.0,18.0,14.0,4.0,0.583,,1.0,12.3,3.0,2.3,0.7,0.1,0.043,-5.4,-0.1,2016,chinanu_onuaku
38,38,MIL,Patrick McCaw,UNLV,4.0,194.0,3340.0,755.0,316.0,266.0,0.419,0.305,0.779,17.2,3.9,1.6,1.4,4.2,0.061,-2.8,-0.7,2016,PMcCaw0
39,39,NOP,David Michineau,,,,,,,,,,,,,,,,,,,2016,
40,40,NOP,Diamond Stone,Maryland,1.0,7.0,24.0,10.0,6.0,0.0,0.231,,1.0,3.4,1.4,0.9,0.0,-0.1,-0.21100000000000002,-20.8,-0.1,2016,Diamond_Stone33
41,41,ORL,Stephen Zimmerman,UNLV,1.0,19.0,108.0,23.0,35.0,4.0,0.32299999999999995,,0.6,5.7,1.2,1.8,0.2,0.0,-0.005,-8.3,-0.2,2016,BIGG_ZIMM
42,42,UTA,Isaiah Whitehead,Seton Hall,2.0,89.0,1823.0,643.0,210.0,212.0,0.41100000000000003,0.305,0.7879999999999999,20.5,7.2,2.4,2.4,-0.9,-0.025,-5.0,-1.4,2016,isaiahwhitehead
43,43,HOU,Zhou Qi,,2.0,19.0,125.0,24.0,22.0,2.0,0.212,0.105,0.667,6.6,1.3,1.2,0.1,-0.2,-0.09300000000000001,-9.6,-0.2,2016,officialzhouqi
44,44,ATL,Isaïa Cordinier,,,,,,,,,,,,,,,,,,,2016,izaycordinier
45,45,BOS,Demetrius Jackson,Notre Dame,3.0,26.0,136.0,48.0,19.0,17.0,0.486,0.28600000000000003,0.667,5.2,1.8,0.7,0.7,0.2,0.087,-0.5,0.1,2016,D_Jay11
46,46,DAL,A.J. Hammons,Purdue,1.0,22.0,163.0,48.0,36.0,4.0,0.405,0.5,0.45,7.4,2.2,1.6,0.2,0.0,-0.001,-6.6,-0.2,2016,
47,47,ORL,Jake Layman,Maryland,5.0,175.0,2395.0,917.0,326.0,99.0,0.456,0.302,0.741,13.7,5.2,1.9,0.6,3.2,0.065,-2.2,-0.1,2016,JLayman10
48,48,CHI,Paul Zipser,,2.0,98.0,1667.0,458.0,256.0,82.0,0.371,0.335,0.769,17.0,4.7,2.6,0.8,0.0,-0.001,-5.2,-1.4,2016,paulzzip
49,49,DET,Michael Gbinije,Syracuse,1.0,9.0,32.0,4.0,3.0,2.0,0.1,0.0,1.0,3.6,0.4,0.3,0.2,-0.1,-0.136,-12.1,-0.1,2016,mikegbinije
50,50,IND,Georges Niang,Iowa State,5.0,173.0,1746.0,730.0,274.0,96.0,0.43700000000000006,0.382,0.83,10.1,4.2,1.6,0.6,2.9,0.078,-1.3,0.3,2016,GeorgesNiang20
51,51,BOS,Ben Bentil,Providence,1.0,3.0,10.0,0.0,2.0,0.0,0.0,0.0,,3.3,0.0,0.7,0.0,-0.1,-0.473,-25.9,-0.1,2016,benbentil
52,52,UTA,Joel Bolomboy,Weber State,2.0,18.0,91.0,31.0,27.0,2.0,0.545,0.2,0.5,5.1,1.7,1.5,0.1,0.3,0.132,-0.1,0.0,2016,Bolomboy21
53,53,DEN,Petr Cornelie,,,,,,,,,,,,,,,,,,,2016,Petr_Cornelie
54,54,ATL,Kay Felder,Oakland,2.0,58.0,526.0,223.0,59.0,78.0,0.364,0.268,0.754,9.1,3.8,1.0,1.3,-0.4,-0.040999999999999995,-4.7,-0.4,2016,
55,55,BRK,Marcus Paige,UNC,1.0,5.0,28.0,12.0,4.0,3.0,0.28600000000000003,0.25,1.0,5.6,2.4,0.8,0.6,0.0,-0.006,-8.8,0.0,2016,marcuspaige5
56,56,DEN,Daniel Hamilton,UConn,2.0,25.0,232.0,69.0,52.0,30.0,0.39399999999999996,0.35700000000000004,0.5,9.3,2.8,2.1,1.2,0.0,0.0,-3.3,-0.1,2016,
57,57,MEM,Wang Zhelin,,,,,,,,,,,,,,,,,,,2016,
58,58,BOS,Abdel Nader,Iowa State,4.0,168.0,2147.0,754.0,297.0,88.0,0.42200000000000004,0.35200000000000004,0.7140000000000001,12.8,4.5,1.8,0.5,2.2,0.05,-2.8,-0.4,2016,AbdelNader2
59,59,SAC,Isaiah Cousins,Oklahoma,,,,,,,,,,,,,,,,,,2016,
60,60,UTA,Tyrone Wallace,California,3.0,106.0,1639.0,549.0,228.0,126.0,0.425,0.203,0.6709999999999999,15.5,5.2,2.2,1.2,0.2,0.006,-5.1,-1.3,2016,TyWallace661
1,1,PHI,Markelle Fultz,Washington,4.0,113.0,2891.0,1228.0,376.0,524.0,0.447,0.265,0.695,25.6,10.9,3.3,4.6,3.3,0.054000000000000006,-2.2,-0.2,2017,MarkelleF
2,2,LAL,Lonzo Ball,UCLA,4.0,174.0,5609.0,1882.0,1039.0,1125.0,0.39,0.337,0.493,32.2,10.8,6.0,6.5,6.0,0.051,0.3,3.2,2017,ZO2_
3,3,BOS,Jayson Tatum,Duke,4.0,236.0,7541.0,4195.0,1414.0,539.0,0.45799999999999996,0.40399999999999997,0.83,32.0,17.8,6.0,2.3,20.1,0.128,1.7,7.1,2017,jaytatum0
4,4,PHO,Josh Jackson,Kansas,4.0,193.0,4668.0,2293.0,808.0,361.0,0.41700000000000004,0.297,0.654,24.2,11.9,4.2,1.9,-1.8,-0.019,-3.9,-2.3,2017,j_josh11
5,5,SAC,De'Aaron Fox,Kentucky,4.0,221.0,6707.0,3654.0,752.0,1353.0,0.45299999999999996,0.332,0.7140000000000001,30.3,16.5,3.4,6.1,9.6,0.069,-0.2,3.1,2017,swipathefox
6,6,ORL,Jonathan Isaac,Florida State,3.0,136.0,3512.0,1269.0,741.0,146.0,0.435,0.33,0.797,25.8,9.3,5.4,1.1,6.7,0.091,0.2,2.0,2017,JJudahIsaac
7,7,MIN,Lauri Markkanen,Arizona,4.0,180.0,5498.0,2929.0,1356.0,238.0,0.433,0.35700000000000004,0.848,30.5,16.3,7.5,1.3,9.4,0.08199999999999999,-0.3,2.3,2017,MarkkanenLauri
8,8,NYK,Frank Ntilikina,,4.0,182.0,3839.0,1084.0,389.0,546.0,0.36700000000000005,0.316,0.775,21.1,6.0,2.1,3.0,-0.8,-0.009000000000000001,-4.6,-2.5,2017,FrankLikina
9,9,DAL,Dennis Smith Jr.,NC State,4.0,159.0,4122.0,1966.0,495.0,711.0,0.39899999999999997,0.312,0.65,25.9,12.4,3.1,4.5,-1.6,-0.018000000000000002,-2.7,-0.8,2017,
10,10,SAC,Zach Collins,Gonzaga,3.0,154.0,2691.0,881.0,614.0,139.0,0.444,0.324,0.722,17.5,5.7,4.0,0.9,3.9,0.069,-2.6,-0.4,2017,zcollins_33
11,11,CHO,Malik Monk,Kentucky,4.0,195.0,3319.0,1651.0,363.0,328.0,0.395,0.32299999999999995,0.846,17.0,8.5,1.9,1.7,1.1,0.015,-2.9,-0.7,2017,AhmadMonk
12,12,DET,Luke Kennard,Duke,4.0,181.0,4211.0,1757.0,507.0,385.0,0.444,0.406,0.865,23.3,9.7,2.8,2.1,7.7,0.08800000000000001,-1.0,1.1,2017,LukeKennard5
13,13,DEN,Donovan Mitchell,Louisville,4.0,241.0,8131.0,5488.0,982.0,987.0,0.439,0.36,0.825,33.7,22.8,4.1,4.1,17.3,0.102,1.5,7.1,2017,spidadmitchell
14,14,MIA,Bam Adebayo,Kentucky,4.0,237.0,6151.0,2642.0,1839.0,729.0,0.5579999999999999,0.179,0.726,26.0,11.1,7.8,3.1,21.5,0.168,2.3,6.6,2017,Bam1of1
15,15,POR,Justin Jackson,UNC,4.0,220.0,4246.0,1431.0,566.0,228.0,0.43200000000000005,0.32,0.789,19.3,6.5,2.6,1.0,5.1,0.057999999999999996,-2.8,-0.8,2017,JJacks_44
16,16,CHI,Justin Patton,Creighton,3.0,9.0,49.0,16.0,11.0,5.0,0.368,0.16699999999999998,0.5,5.4,1.8,1.2,0.6,0.0,0.015,-5.5,0.0,2017,JustinPatton17
17,17,MIL,D.J. Wilson,Michigan,4.0,114.0,1387.0,464.0,343.0,83.0,0.414,0.33,0.565,12.2,4.1,3.0,0.7,2.2,0.078,-2.7,-0.2,2017,Lanky_Smoove
18,18,IND,T.J. Leaf,UCLA,3.0,139.0,1203.0,465.0,278.0,42.0,0.491,0.341,0.5710000000000001,8.7,3.3,2.0,0.3,2.7,0.107,-1.8,0.1,2017,leafsquad22
19,19,ATL,John Collins,Wake Forest,4.0,192.0,5459.0,3118.0,1671.0,305.0,0.568,0.374,0.7609999999999999,28.4,16.2,8.7,1.6,18.1,0.159,1.2,4.4,2017,jcollins20_
20,20,POR,Harry Giles,Duke,3.0,116.0,1612.0,758.0,457.0,154.0,0.52,0.154,0.685,13.9,6.5,3.9,1.3,2.7,0.079,-2.4,-0.2,2017,HGiiizzle
21,21,OKC,Terrance Ferguson,,4.0,197.0,3973.0,922.0,263.0,144.0,0.405,0.336,0.753,20.2,4.7,1.3,0.7,4.5,0.055,-4.0,-2.0,2017,Fergskii
22,22,BRK,Jarrett Allen,Texas,4.0,238.0,5814.0,2418.0,1885.0,293.0,0.614,0.16699999999999998,0.701,24.4,10.2,7.9,1.2,22.0,0.182,1.3,4.8,2017,_bigjayy_
23,23,TOR,OG Anunoby,Indiana,4.0,227.0,5491.0,1889.0,844.0,237.0,0.48100000000000004,0.374,0.667,24.2,8.3,3.7,1.0,12.3,0.10800000000000001,-0.2,2.5,2017,OAnunoby
24,24,UTA,Tyler Lydon,Syracuse,2.0,26.0,96.0,23.0,18.0,6.0,0.5,0.4,0.33299999999999996,3.7,0.9,0.7,0.2,0.2,0.084,-4.3,-0.1,2017,Tyler_Lydon14
25,25,ORL,Anžejs Pasečņiks,,2.0,28.0,443.0,156.0,108.0,19.0,0.521,0.0,0.586,15.8,5.6,3.9,0.7,0.4,0.038,-6.2,-0.5,2017,AnzejsP
26,26,POR,Caleb Swanigan,Purdue,3.0,75.0,655.0,169.0,218.0,56.0,0.43799999999999994,0.11800000000000001,0.614,8.7,2.3,2.9,0.7,-0.2,-0.015,-6.2,-0.7,2017,calebswanigan50
27,27,BRK,Kyle Kuzma,Utah,4.0,226.0,6680.0,3508.0,1238.0,418.0,0.44799999999999995,0.33399999999999996,0.731,29.6,15.5,5.5,1.8,9.6,0.069,-1.5,0.8,2017,kylekuzma
28,28,LAL,Tony Bradley,UNC,4.0,76.0,818.0,345.0,335.0,28.0,0.622,0.6,0.655,10.8,4.5,4.4,0.4,3.8,0.223,0.7,0.6,2017,ToBrad1
29,29,SAS,Derrick White,Colorado,4.0,153.0,3567.0,1491.0,497.0,514.0,0.46799999999999997,0.363,0.8170000000000001,23.3,9.7,3.2,3.4,8.2,0.111,1.1,2.8,2017,Dwhite921
30,30,UTA,Josh Hart,Villanova,4.0,210.0,5354.0,1791.0,1051.0,306.0,0.431,0.353,0.71,25.5,8.5,5.0,1.5,9.5,0.085,-0.7,1.8,2017,joshhart
31,31,CHO,Frank Jackson,Duke,3.0,123.0,1990.0,872.0,221.0,135.0,0.419,0.318,0.743,16.2,7.1,1.8,1.1,0.5,0.012,-5.1,-1.5,2017,FWJackson15
32,32,PHO,Davon Reed,Miami (FL),2.0,31.0,289.0,75.0,45.0,16.0,0.307,0.31,0.667,9.3,2.4,1.5,0.5,-0.2,-0.039,-6.3,-0.3,2017,ClutchREED_5
33,33,ORL,Wesley Iwundu,Kansas State,4.0,195.0,3420.0,903.0,484.0,197.0,0.413,0.303,0.792,17.5,4.6,2.5,1.0,4.2,0.06,-3.5,-1.3,2017,_Iwundu25
34,34,SAC,Frank Mason III,Kansas,3.0,99.0,1537.0,670.0,192.0,260.0,0.397,0.298,0.757,15.5,6.8,1.9,2.6,1.2,0.038,-2.4,-0.1,2017,
35,35,ORL,Ivan Rabb,California,2.0,85.0,1237.0,485.0,364.0,86.0,0.555,0.2,0.743,14.6,5.7,4.3,1.0,3.2,0.125,-1.7,0.1,2017,YoungIvee
36,36,PHI,Jonah Bolden,,2.0,51.0,686.0,217.0,174.0,40.0,0.486,0.34,0.484,13.5,4.3,3.4,0.8,1.4,0.098,-1.3,0.1,2017,Jonahbolden43
37,37,BOS,Semi Ojeleye,SMU,4.0,213.0,3029.0,702.0,438.0,91.0,0.39299999999999996,0.34299999999999997,0.687,14.2,3.3,2.1,0.4,4.1,0.065,-3.4,-1.1,2017,semi
38,38,CHI,Jordan Bell,Oregon,4.0,155.0,1856.0,580.0,473.0,194.0,0.564,0.222,0.638,12.0,3.7,3.1,1.3,4.9,0.127,0.5,1.2,2017,1jordanbell
39,39,PHI,Jawun Evans,Oklahoma State,2.0,56.0,843.0,237.0,96.0,110.0,0.345,0.263,0.7759999999999999,15.1,4.2,1.7,2.0,-0.4,-0.022000000000000002,-5.4,-0.7,2017,j3vans1_
40,40,NOP,Dwayne Bacon,Florida State,4.0,153.0,2591.0,881.0,366.0,153.0,0.40700000000000003,0.335,0.716,16.9,5.8,2.4,1.0,0.3,0.006,-5.3,-2.1,2017,BaconDwayne1000
41,41,ATL,Tyler Dorsey,Oregon,2.0,104.0,1672.0,701.0,243.0,135.0,0.389,0.35,0.669,16.1,6.7,2.3,1.3,1.0,0.03,-3.1,-0.5,2017,TDORSEY_1
42,42,UTA,Thomas Bryant,Indiana,4.0,143.0,2986.0,1532.0,863.0,196.0,0.6,0.36200000000000004,0.748,20.9,10.7,6.0,1.4,10.5,0.168,1.8,2.8,2017,nolimittb31
43,43,HOU,Isaiah Hartenstein,,3.0,63.0,598.0,211.0,177.0,40.0,0.568,0.182,0.672,9.5,3.3,2.8,0.6,1.8,0.14400000000000002,-2.3,0.0,2017,Ipjh55
44,44,NYK,Damyean Dotson,Oregon,4.0,181.0,3700.0,1421.0,462.0,266.0,0.419,0.355,0.715,20.4,7.9,2.6,1.5,3.4,0.044000000000000004,-2.3,-0.3,2017,wholeteamDot
45,45,HOU,Dillon Brooks,Oregon,4.0,186.0,5172.0,2411.0,582.0,341.0,0.415,0.353,0.7759999999999999,27.8,13.0,3.1,1.8,2.1,0.02,-4.3,-3.0,2017,dillonbrooks24
46,46,PHI,Sterling Brown,SMU,4.0,177.0,2847.0,962.0,554.0,177.0,0.426,0.358,0.782,16.1,5.4,3.1,1.0,4.8,0.08199999999999999,-1.8,0.1,2017,thatnegus_sb
47,47,IND,Ike Anigbogu,UCLA,2.0,14.0,36.0,13.0,12.0,1.0,0.33299999999999996,,0.833,2.6,0.9,0.9,0.1,0.0,0.057,-1.1,0.0,2017,IkePostrs_
48,48,MIL,Sindarius Thornwell,South Carolina,4.0,144.0,1538.0,365.0,190.0,91.0,0.41700000000000004,0.354,0.6829999999999999,10.7,2.5,1.3,0.6,1.1,0.035,-2.8,-0.3,2017,Sin_City_803
49,49,DEN,Vlatko Čančar,,2.0,19.0,59.0,17.0,13.0,3.0,0.33299999999999996,0.125,1.0,3.1,0.9,0.7,0.2,0.0,-0.012,-6.4,-0.1,2017,CancarVlatko
50,50,PHI,Mathias Lessort,,,,,,,,,,,,,,,,,,,2017,ThiasLsf
51,51,DEN,Monte Morris,Iowa State,4.0,175.0,4089.0,1717.0,373.0,614.0,0.483,0.39299999999999996,0.807,23.4,9.8,2.1,3.5,11.6,0.136,0.8,2.9,2017,MonteMorris11
52,52,NOP,Edmond Sumner,Xavier,4.0,64.0,777.0,272.0,89.0,71.0,0.42200000000000004,0.263,0.5870000000000001,12.1,4.3,1.4,1.1,0.6,0.039,-3.7,-0.3,2017,EdmondSumner
53,53,BOS,Kadeem Allen,Arizona,3.0,47.0,640.0,258.0,71.0,109.0,0.435,0.349,0.757,13.6,5.5,1.5,2.3,1.0,0.075,-1.0,0.2,2017,AllenKadeem
54,54,PHO,Alec Peters,Valparaiso,1.0,20.0,225.0,82.0,37.0,12.0,0.37799999999999995,0.31,0.8,11.3,4.1,1.9,0.6,0.3,0.055,-2.8,0.0,2017,petersalec
55,55,UTA,Nigel Williams-Goss,Gonzaga,1.0,10.0,50.0,14.0,6.0,6.0,0.313,0.28600000000000003,1.0,5.0,1.4,0.6,0.6,0.0,0.017,-3.9,0.0,2017,NigelWG5
56,56,BOS,Jabari Bird,California,1.0,13.0,115.0,39.0,19.0,8.0,0.5770000000000001,0.429,0.462,8.8,3.0,1.5,0.6,0.2,0.098,-3.1,0.0,2017,Jabari_Bird
57,57,BRK,Sasha Vezenkov,,,,,,,,,,,,,,,,,,,2017,
58,58,NYK,Ognjen Jaramaz,,,,,,,,,,,,,,,,,,,2017,
59,59,SAS,Jaron Blossomgame,Clemson,1.0,27.0,439.0,114.0,98.0,13.0,0.44299999999999995,0.256,0.769,16.3,4.2,3.6,0.5,0.3,0.03,-3.8,-0.2,2017,JaronBgame
60,60,ATL,Alpha Kaba,,,,,,,,,,,,,,,,,,,2017,
1,1,PHO,Deandre Ayton,Arizona,3.0,124.0,3896.0,2074.0,1348.0,225.0,0.5720000000000001,0.192,0.747,31.4,16.7,10.9,1.8,10.7,0.131,0.3,2.3,2018,DeandreAyton
2,2,SAC,Marvin Bagley III,Duke,3.0,91.0,2328.0,1320.0,696.0,86.0,0.491,0.304,0.6829999999999999,25.6,14.5,7.6,0.9,4.0,0.08199999999999999,-2.2,-0.1,2018,
3,3,ATL,Luka Dončić,,3.0,149.0,4922.0,3721.0,1292.0,1126.0,0.447,0.318,0.74,33.0,25.0,8.7,7.6,15.8,0.154,6.3,10.3,2018,luka7doncic
4,4,MEM,Jaren Jackson Jr.,Michigan State,2.0,115.0,3137.0,1788.0,534.0,142.0,0.485,0.384,0.757,27.3,15.5,4.6,1.2,6.8,0.10400000000000001,0.1,1.7,2018,
5,5,DAL,Trae Young,Oklahoma,3.0,156.0,5123.0,3706.0,622.0,1344.0,0.426,0.344,0.85,32.8,23.8,4.0,8.6,10.8,0.10099999999999999,1.7,4.7,2018,TheTraeYoung
6,6,ORL,Mo Bamba,Texas,3.0,113.0,1677.0,644.0,549.0,83.0,0.47,0.326,0.625,14.8,5.7,4.9,0.7,4.2,0.121,-0.4,0.7,2018,
7,7,CHI,Wendell Carter Jr.,Duke,3.0,101.0,2743.0,1118.0,824.0,163.0,0.512,0.21100000000000002,0.755,27.2,11.1,8.2,1.6,6.2,0.10800000000000001,-2.0,0.0,2018,
8,8,CLE,Collin Sexton,Alabama,3.0,159.0,5160.0,3018.0,470.0,485.0,0.455,0.39799999999999996,0.84,32.5,19.0,3.0,3.1,3.2,0.028999999999999998,-2.9,-1.2,2018,CollinYoungBull
9,9,NYK,Kevin Knox,Kentucky,3.0,158.0,3672.0,1503.0,561.0,159.0,0.369,0.34299999999999997,0.7020000000000001,23.2,9.5,3.6,1.0,-0.8,-0.011000000000000001,-4.9,-2.7,2018,KevKnox
10,10,PHI,Mikal Bridges,Villanova,3.0,170.0,4960.0,1577.0,643.0,329.0,0.473,0.361,0.8240000000000001,29.2,9.3,3.8,1.9,9.7,0.094,0.0,2.5,2018,mikal_bridges
11,11,CHO,Shai Gilgeous-Alexander,Kentucky,3.0,168.0,5143.0,2570.0,731.0,604.0,0.478,0.359,0.7979999999999999,30.6,15.3,4.4,3.6,11.3,0.106,1.0,3.8,2018,shaiglalex
12,12,LAC,Miles Bridges,Michigan State,3.0,162.0,4126.0,1600.0,774.0,239.0,0.442,0.33299999999999996,0.802,25.5,9.9,4.8,1.5,5.1,0.06,-1.7,0.3,2018,MilesBridges
13,13,LAC,Jerome Robinson,Boston College,3.0,103.0,1424.0,474.0,185.0,118.0,0.38,0.322,0.722,13.8,4.6,1.8,1.1,0.4,0.012,-4.2,-0.8,2018,Rome_Coldbucks1
14,14,DEN,Michael Porter Jr.,Missouri,2.0,62.0,1102.0,641.0,311.0,55.0,0.517,0.435,0.8370000000000001,17.8,10.3,5.0,0.9,3.9,0.16899999999999998,2.4,1.2,2018,
15,15,WAS,Troy Brown Jr.,Oregon,3.0,128.0,2635.0,996.0,550.0,266.0,0.43200000000000005,0.335,0.746,20.6,7.8,4.3,2.1,3.0,0.055,-1.9,0.1,2018,
16,16,PHO,Zhaire Smith,Texas Tech,2.0,13.0,143.0,48.0,15.0,12.0,0.37799999999999995,0.316,0.667,11.0,3.7,1.2,0.9,0.0,0.011000000000000001,-6.1,-0.2,2018,zhaire_smith
17,17,MIL,Donte DiVincenzo,Villanova,3.0,109.0,2338.0,902.0,450.0,227.0,0.445,0.33899999999999997,0.736,21.4,8.3,4.1,2.1,5.9,0.121,0.6,1.6,2018,Divincenzo
18,18,SAS,Lonnie Walker,Miami (FL),3.0,95.0,1594.0,646.0,212.0,105.0,0.415,0.39399999999999996,0.75,16.8,6.8,2.2,1.1,0.9,0.026000000000000002,-3.4,-0.6,2018,lonniewalker_4
19,19,ATL,Kevin Huerter,Maryland,3.0,147.0,4281.0,1598.0,534.0,482.0,0.41700000000000004,0.38,0.789,29.1,10.9,3.6,3.3,4.0,0.044000000000000004,-1.8,0.2,2018,KevinHuerter
20,20,MIN,Josh Okogie,Georgia Tech,3.0,146.0,3537.0,1163.0,515.0,205.0,0.406,0.27,0.7659999999999999,24.2,8.0,3.5,1.4,3.6,0.048,-2.9,-0.8,2018,CallMe_NonStop
21,21,UTA,Grayson Allen,Duke,3.0,88.0,1392.0,637.0,143.0,101.0,0.42100000000000004,0.369,0.818,15.8,7.2,1.6,1.1,1.8,0.062,-2.7,-0.2,2018,GraysonJAllen
22,22,CHI,Chandler Hutchison,Boise State,3.0,77.0,1481.0,460.0,312.0,64.0,0.45,0.297,0.602,19.2,6.0,4.1,0.8,1.1,0.036000000000000004,-3.7,-0.6,2018,CmoHutchison
23,23,IND,Aaron Holiday,UCLA,3.0,133.0,2618.0,1031.0,245.0,349.0,0.40299999999999997,0.36200000000000004,0.8390000000000001,19.7,7.8,1.8,2.6,3.0,0.055,-2.1,0.0,2018,The_4th_Holiday
24,24,POR,Anfernee Simons,,3.0,103.0,1758.0,742.0,187.0,119.0,0.40399999999999997,0.34700000000000003,0.7809999999999999,17.1,7.2,1.8,1.2,0.4,0.01,-4.4,-1.1,2018,AnferneeSimons
25,25,LAL,Moritz Wagner,Michigan,3.0,93.0,1349.0,632.0,324.0,84.0,0.5,0.311,0.8140000000000001,14.5,6.8,3.5,0.9,2.2,0.078,-2.8,-0.3,2018,moritz_weasley
26,26,PHI,Landry Shamet,Wichita State,3.0,148.0,3532.0,1294.0,258.0,233.0,0.413,0.39299999999999996,0.8340000000000001,23.9,8.7,1.7,1.6,6.2,0.085,-2.1,-0.1,2018,landryshamet
27,27,BOS,Robert Williams,Texas A&M,3.0,72.0,842.0,296.0,275.0,41.0,0.715,0.0,0.6779999999999999,11.7,4.1,3.8,0.6,4.0,0.22899999999999998,3.4,1.1,2018,rob_williamsIII
28,28,GSW,Jacob Evans,Cincinnati,2.0,59.0,622.0,168.0,66.0,54.0,0.337,0.315,0.833,10.5,2.8,1.1,0.9,-0.6,-0.047,-7.4,-0.8,2018,JacobEvans_1
29,29,BRK,Džanan Musa,,2.0,49.0,526.0,211.0,91.0,45.0,0.376,0.22699999999999998,0.726,10.7,4.3,1.9,0.9,0.0,0.003,-4.6,-0.4,2018,DzMusa
30,30,ATL,Omari Spellman,Villanova,2.0,95.0,1691.0,642.0,413.0,94.0,0.41700000000000004,0.366,0.7659999999999999,17.8,6.8,4.3,1.0,2.4,0.068,-1.5,0.2,2018,Omarispellman
31,31,PHO,Elie Okobo,,2.0,108.0,1677.0,523.0,188.0,242.0,0.395,0.315,0.737,15.5,4.8,1.7,2.2,0.5,0.013999999999999999,-4.1,-0.9,2018,ElieOkobo_0
32,32,MEM,Jevon Carter,West Virginia,3.0,112.0,1717.0,516.0,207.0,166.0,0.368,0.37200000000000005,0.836,15.3,4.6,1.8,1.5,2.0,0.057,-1.2,0.3,2018,nextlevel_03
33,33,DAL,Jalen Brunson,Villanova,3.0,143.0,2920.0,1302.0,336.0,464.0,0.473,0.36,0.782,20.4,9.1,2.3,3.2,5.6,0.091,-1.3,0.6,2018,jalenbrunson1
34,34,ATL,Devonte' Graham,Kansas,3.0,126.0,3465.0,1597.0,331.0,697.0,0.369,0.353,0.804,27.5,12.7,2.6,5.5,4.7,0.066,-0.8,1.1,2018,Devonte4Graham
35,35,ORL,Melvin Frazier,Tulane,2.0,29.0,170.0,55.0,15.0,4.0,0.4,0.364,0.375,5.9,1.9,0.5,0.1,0.0,0.008,-5.4,-0.2,2018,melvinjrrr
36,36,NYK,Mitchell Robinson,,3.0,145.0,3304.0,1240.0,1002.0,81.0,0.71,,0.5720000000000001,22.8,8.6,6.9,0.6,15.0,0.218,2.5,3.8,2018,23savage____
37,37,SAC,Gary Trent Jr.,Duke,3.0,90.0,1798.0,743.0,133.0,80.0,0.43200000000000005,0.409,0.738,20.0,8.3,1.5,0.9,2.5,0.068,-1.6,0.2,2018,
38,38,PHI,Khyri Thomas,Creighton,2.0,34.0,256.0,78.0,21.0,11.0,0.314,0.306,0.6,7.5,2.3,0.6,0.3,0.0,-0.005,-5.7,-0.2,2018,Khyri_2
39,39,PHI,Isaac Bonga,,3.0,97.0,1497.0,380.0,272.0,98.0,0.46399999999999997,0.344,0.772,15.4,3.9,2.8,1.0,1.9,0.06,-2.9,-0.3,2018,isaacbonga
40,40,BRK,Rodions Kurucs,,3.0,117.0,2021.0,756.0,392.0,106.0,0.447,0.32899999999999996,0.738,17.3,6.5,3.4,0.9,2.3,0.055,-2.7,-0.4,2018,RODIONS1
41,41,ORL,Jarred Vanderbilt,Kentucky,3.0,42.0,368.0,133.0,109.0,27.0,0.585,0.33299999999999996,0.537,8.8,3.2,2.6,0.6,0.8,0.109,-0.4,0.1,2018,JVando
42,42,DET,Bruce Brown,Miami (FL),3.0,147.0,3325.0,915.0,523.0,334.0,0.433,0.293,0.7390000000000001,22.6,6.2,3.6,2.3,4.0,0.057,-2.3,-0.3,2018,BruceBrown11
43,43,DEN,Justin Jackson,Maryland,,,,,,,,,,,,,,,,,,2018,JJacks_44
44,44,WAS,Issuf Sanon,,,,,,,,,,,,,,,,,,,2018,SanonIssuf
45,45,BRK,Hamidou Diallo,Kentucky,3.0,113.0,1746.0,687.0,339.0,83.0,0.46799999999999997,0.255,0.597,15.5,6.1,3.0,0.7,1.9,0.053,-3.2,-0.5,2018,hamidoudiallo
46,46,HOU,De'Anthony Melton,USC,3.0,117.0,2290.0,762.0,370.0,351.0,0.402,0.298,0.762,19.6,6.5,3.2,3.0,1.9,0.040999999999999995,-1.3,0.4,2018,DeAnthonyMelton
47,47,LAL,Sviatoslav Mykhailiuk,Kansas,3.0,115.0,1948.0,760.0,167.0,162.0,0.38799999999999996,0.375,0.789,16.9,6.6,1.5,1.4,2.0,0.049,-2.2,-0.1,2018,Sviat_10
48,48,MIN,Keita Bates-Diop,Ohio State,3.0,77.0,1252.0,439.0,210.0,48.0,0.423,0.303,0.6990000000000001,16.3,5.7,2.7,0.6,1.5,0.057999999999999996,-2.3,-0.1,2018,KBD_33
49,49,SAS,Chimezie Metu,USC,3.0,54.0,311.0,142.0,92.0,27.0,0.43799999999999994,0.14300000000000002,0.7440000000000001,5.8,2.6,1.7,0.5,0.1,0.017,-3.8,-0.1,2018,Chimezie_Metu
50,50,IND,Alize Johnson,Missouri State,2.0,31.0,182.0,47.0,67.0,8.0,0.35600000000000004,0.4,0.611,5.9,1.5,2.2,0.3,0.3,0.081,-3.7,-0.1,2018,AlizeJohnson
51,51,NOP,Tony Carr,Penn State,,,,,,,,,,,,,,,,,,2018,Tone10Carr
52,52,UTA,Vince Edwards,Purdue,1.0,2.0,16.0,3.0,2.0,0.0,0.25,0.25,,8.0,1.5,1.0,0.0,0.0,-0.013999999999999999,-6.4,0.0,2018,VE_12
53,53,OKC,Devon Hall,Virginia,1.0,11.0,81.0,20.0,7.0,13.0,0.2,0.235,0.5,7.4,1.8,0.6,1.2,-0.2,-0.11599999999999999,-6.4,-0.1,2018,
54,54,DAL,Shake Milton,SMU,3.0,75.0,1458.0,690.0,150.0,170.0,0.46299999999999997,0.384,0.826,19.4,9.2,2.0,2.3,3.5,0.115,-1.3,0.2,2018,SniperShake
55,55,CHO,Arnoldas Kulboka,,,,,,,,,,,,,,,,,,,2018,kulboka98
56,56,PHI,Ray Spalding,Louisville,1.0,14.0,148.0,54.0,48.0,5.0,0.532,0.0,0.33299999999999996,10.6,3.9,3.4,0.4,0.2,0.051,-5.1,-0.1,2018,RaySpalding_4
57,57,OKC,Kevin Hervey,UT Arlington,1.0,10.0,52.0,17.0,12.0,5.0,0.259,0.15,,5.2,1.7,1.2,0.5,-0.1,-0.085,-5.1,0.0,2018,kherv_25
58,58,DEN,Thomas Welsh,UCLA,1.0,11.0,36.0,18.0,4.0,5.0,0.5379999999999999,0.429,0.5,3.3,1.6,0.4,0.5,0.1,0.162,1.2,0.0,2018,tomwelsh40
59,59,PHO,George King,Colorado,1.0,1.0,6.0,0.0,1.0,0.0,,,,6.0,0.0,1.0,0.0,0.0,-0.001,-7.9,0.0,2018,2bkings
60,60,PHI,Kostas Antetokounmpo,Dayton,3.0,8.0,39.0,9.0,8.0,2.0,0.375,,0.5,4.9,1.1,1.0,0.3,0.0,-0.052000000000000005,-7.5,-0.1,2018,Kostas_ante13
1,1,NOP,Zion Williamson,Duke,2.0,38.0,1131.0,867.0,260.0,76.0,0.581,0.368,0.65,29.8,22.8,6.8,2.0,3.4,0.145,2.0,1.1,2019,Zionwilliamson
2,2,MEM,Ja Morant,Murray State,2.0,72.0,2220.0,1306.0,269.0,523.0,0.48100000000000004,0.332,0.779,30.8,18.1,3.7,7.3,4.4,0.095,0.5,1.4,2019,JaMorant
3,3,NYK,RJ Barrett,Duke,2.0,74.0,2355.0,1117.0,406.0,204.0,0.405,0.301,0.6509999999999999,31.8,15.1,5.5,2.8,0.3,0.006999999999999999,-3.7,-1.0,2019,RjBarrett6
4,4,LAL,De'Andre Hunter,Virginia,2.0,78.0,2503.0,1039.0,373.0,143.0,0.43200000000000005,0.36200000000000004,0.794,32.1,13.3,4.8,1.8,1.8,0.034,-3.4,-0.9,2019,DreHunter
5,5,CLE,Darius Garland,Vanderbilt,2.0,68.0,2110.0,857.0,135.0,280.0,0.40299999999999997,0.358,0.884,31.0,12.6,2.0,4.1,-1.1,-0.025,-5.1,-1.7,2019,dariusgarland22
6,6,PHO,Jarrett Culver,Texas Tech,2.0,79.0,1845.0,710.0,292.0,125.0,0.413,0.294,0.493,23.4,9.0,3.7,1.6,0.0,0.0,-4.3,-1.1,2019,jarrettc08
7,7,CHI,Coby White,UNC,2.0,82.0,2247.0,1118.0,314.0,271.0,0.395,0.355,0.802,27.4,13.6,3.8,3.3,1.2,0.025,-3.2,-0.7,2019,CobyWhite
8,8,ATL,Jaxson Hayes,Texas,2.0,79.0,1271.0,527.0,317.0,65.0,0.66,0.25,0.65,16.1,6.7,4.0,0.8,4.2,0.158,-0.7,0.4,2019,hayes_jaxson
9,9,WAS,Rui Hachimura,Gonzaga,2.0,55.0,1638.0,744.0,326.0,103.0,0.47,0.29,0.815,29.8,13.5,5.9,1.9,2.2,0.065,-3.1,-0.4,2019,rui_8mura
10,10,ATL,Cam Reddish,Duke,2.0,71.0,1916.0,764.0,277.0,102.0,0.379,0.325,0.8059999999999999,27.0,10.8,3.9,1.4,0.0,-0.001,-4.1,-1.0,2019,camreddish
11,11,MIN,Cameron Johnson,UNC,2.0,72.0,1627.0,682.0,235.0,92.0,0.43799999999999994,0.38,0.8109999999999999,22.6,9.5,3.3,1.3,3.5,0.10400000000000001,0.8,1.1,2019,
12,12,CHO,P.J. Washington,Kentucky,2.0,75.0,2252.0,918.0,429.0,172.0,0.44799999999999995,0.36,0.674,30.0,12.2,5.7,2.3,2.6,0.055999999999999994,-1.6,0.2,2019,PJWashington
13,13,MIA,Tyler Herro,Kentucky,2.0,65.0,1845.0,919.0,291.0,159.0,0.435,0.376,0.843,28.4,14.1,4.5,2.4,1.7,0.045,-1.9,0.0,2019,raf_tyler
14,14,BOS,Romeo Langford,Indiana,1.0,32.0,370.0,79.0,41.0,13.0,0.35,0.185,0.72,11.6,2.5,1.3,0.4,0.2,0.025,-4.9,-0.3,2019,yeahyeah22
15,15,DET,Sekou Doumbouya,,2.0,54.0,943.0,315.0,157.0,26.0,0.382,0.306,0.7140000000000001,17.5,5.8,2.9,0.5,-0.2,-0.011000000000000001,-6.4,-1.0,2019,sekou_doums
16,16,ORL,Chuma Okeke,Auburn,1.0,5.0,91.0,15.0,13.0,8.0,0.35700000000000004,0.28600000000000003,0.5,18.2,3.0,2.6,1.6,0.1,0.048,-2.6,0.0,2019,chuma_okeke
17,17,BRK,Nickeil Alexander-Walker,Virginia Tech,2.0,60.0,851.0,410.0,121.0,113.0,0.395,0.342,0.7170000000000001,14.2,6.8,2.0,1.9,0.0,0.002,-3.6,-0.4,2019,NickeilAW
18,18,IND,Goga Bitadze,,2.0,57.0,499.0,187.0,110.0,23.0,0.469,0.182,0.7440000000000001,8.8,3.3,1.9,0.4,0.8,0.073,-2.2,0.0,2019,GogaBiitadze
19,19,SAS,Luka Šamanić,,2.0,7.0,59.0,23.0,10.0,6.0,0.318,0.455,0.667,8.4,3.3,1.4,0.9,0.0,0.009000000000000001,-3.9,0.0,2019,SamanicLuka
20,20,BOS,Matisse Thybulle,Washington,2.0,80.0,1515.0,350.0,127.0,90.0,0.408,0.337,0.609,18.9,4.4,1.6,1.1,2.6,0.081,0.1,0.8,2019,MatisseThybulle
21,21,OKC,Brandon Clarke,Gonzaga,2.0,71.0,1681.0,872.0,425.0,105.0,0.58,0.33,0.71,23.7,12.3,6.0,1.5,5.7,0.162,2.0,1.7,2019,brandonclarke23
22,22,BOS,Grant Williams,Tennessee,2.0,83.0,1293.0,304.0,221.0,79.0,0.41200000000000003,0.282,0.662,15.6,3.7,2.7,1.0,1.7,0.064,-3.3,-0.4,2019,Grant2Will
23,23,UTA,Darius Bazley,,2.0,77.0,1600.0,515.0,361.0,64.0,0.396,0.32899999999999996,0.708,20.8,6.7,4.7,0.8,0.9,0.026000000000000002,-2.3,-0.1,2019,BazleyDarius
24,24,PHI,Ty Jerome,Virginia,1.0,31.0,328.0,102.0,46.0,44.0,0.336,0.28,0.75,10.6,3.3,1.5,1.4,0.0,-0.003,-3.8,-0.2,2019,tyjerome_
25,25,POR,Nassir Little,UNC,2.0,54.0,627.0,182.0,120.0,23.0,0.42200000000000004,0.23800000000000002,0.6459999999999999,11.6,3.4,2.2,0.4,0.5,0.039,-4.0,-0.3,2019,2ez_nassie
26,26,CLE,Dylan Windler,Belmont,1.0,4.0,69.0,24.0,12.0,4.0,0.5329999999999999,0.4,1.0,17.3,6.0,3.0,1.0,0.2,0.162,1.4,0.1,2019,Dylan_Windler23
27,27,BRK,Mfiondu Kabengele,Florida State,2.0,23.0,112.0,53.0,18.0,4.0,0.37,0.379,0.889,4.9,2.3,0.8,0.2,0.2,0.075,-3.4,0.0,2019,Mfiondu
28,28,GSW,Jordan Poole,Michigan,2.0,69.0,1390.0,563.0,133.0,146.0,0.33899999999999997,0.282,0.812,20.1,8.2,1.9,2.1,-1.1,-0.037000000000000005,-6.3,-1.5,2019,Not_Poole
29,29,SAS,Keldon Johnson,Kentucky,2.0,34.0,831.0,395.0,181.0,53.0,0.505,0.419,0.785,24.4,11.6,5.3,1.6,2.3,0.133,-0.4,0.3,2019,imthe_truth32
30,30,MIL,Kevin Porter Jr.,USC,1.0,50.0,1162.0,498.0,162.0,109.0,0.442,0.335,0.723,23.2,10.0,3.2,2.2,0.3,0.012,-3.8,-0.5,2019,
31,31,BRK,Nicolas Claxton,Georgia,1.0,15.0,187.0,66.0,44.0,16.0,0.563,0.14300000000000002,0.524,12.5,4.4,2.9,1.1,0.5,0.121,-0.6,0.1,2019,_claxton33
32,32,PHO,KZ Okpala,Stanford,2.0,14.0,133.0,34.0,19.0,4.0,0.48100000000000004,0.4,0.33299999999999996,9.5,2.4,1.4,0.3,0.1,0.023,-4.7,-0.1,2019,kz_okpala_
33,33,PHI,Carsen Edwards,Purdue,2.0,43.0,411.0,158.0,55.0,27.0,0.358,0.315,0.696,9.6,3.7,1.3,0.6,0.2,0.027000000000000003,-4.5,-0.3,2019,Cboogie_3
34,34,PHI,Bruno Fernando,Maryland,2.0,65.0,805.0,254.0,235.0,56.0,0.509,0.128,0.5539999999999999,12.4,3.9,3.6,0.9,0.8,0.045,-4.4,-0.5,2019,BrunoFernandoMV
35,35,ATL,Didi Louzada,,,,,,,,,,,,,,,,,,,2019,
36,36,CHO,Cody Martin,Nevada,2.0,59.0,1028.0,276.0,183.0,109.0,0.44299999999999995,0.23,0.6579999999999999,17.4,4.7,3.1,1.8,1.3,0.06,-1.9,0.0,2019,cody_martin15
37,37,DAL,Deividas Sirvydis,,1.0,2.0,2.0,0.0,0.0,0.0,0.0,0.0,,1.0,0.0,0.0,0.0,0.0,-1.056,-56.8,0.0,2019,
38,38,CHI,Daniel Gafford,Arkansas,2.0,58.0,825.0,296.0,144.0,29.0,0.685,,0.578,14.2,5.1,2.5,0.5,2.5,0.146,-1.1,0.2,2019,Dan_G33
39,39,NOP,Alen Smailagić,,1.0,14.0,139.0,59.0,27.0,13.0,0.5,0.231,0.8420000000000001,9.9,4.2,1.9,0.9,0.2,0.081,-2.2,0.0,2019,
40,40,SAC,Justin James,Wyoming,2.0,42.0,280.0,102.0,39.0,21.0,0.414,0.273,0.39299999999999996,6.7,2.4,0.9,0.5,0.1,0.01,-2.5,0.0,2019,1JustinJames
41,41,GSW,Eric Paschall,Villanova,2.0,76.0,1949.0,1013.0,329.0,149.0,0.495,0.295,0.773,25.6,13.3,4.3,2.0,2.9,0.07,-2.6,-0.3,2019,epaschall
42,42,PHI,Admiral Schofield,Tennessee,1.0,33.0,368.0,99.0,47.0,15.0,0.38,0.311,0.667,11.2,3.0,1.4,0.5,0.1,0.017,-5.5,-0.3,2019,admiralelite15
43,43,MIN,Jaylen Nowell,Washington,2.0,17.0,171.0,68.0,16.0,20.0,0.4,0.14300000000000002,0.941,10.1,4.0,0.9,1.2,0.2,0.065,-3.2,-0.1,2019,JaylenNowell
44,44,MIA,Bol Bol,Oregon,2.0,15.0,139.0,54.0,25.0,7.0,0.465,0.4,0.8,9.3,3.6,1.7,0.5,0.0,0.0,-6.1,-0.1,2019,BolBol
45,45,DET,Isaiah Roby,Nebraska,2.0,16.0,286.0,124.0,69.0,19.0,0.527,0.33299999999999996,0.7140000000000001,17.9,7.8,4.3,1.2,0.8,0.126,-1.6,0.0,2019,roby_isaiah
46,46,ORL,Talen Horton-Tucker,Iowa State,2.0,20.0,305.0,133.0,39.0,32.0,0.439,0.28600000000000003,0.8079999999999999,15.3,6.7,2.0,1.6,0.7,0.105,-1.2,0.1,2019,Thortontucker
47,47,SAC,Ignas Brazdeikis,Michigan,2.0,13.0,60.0,19.0,7.0,5.0,0.261,0.111,0.857,4.6,1.5,0.5,0.4,-0.1,-0.092,-8.5,-0.1,2019,_iggy_braz
48,48,LAC,Terance Mann,Florida State,2.0,56.0,491.0,130.0,91.0,62.0,0.442,0.321,0.636,8.8,2.3,1.6,1.1,0.8,0.081,-3.0,-0.1,2019,terance_mann
49,49,SAS,Quinndary Weatherspoon,Mississippi State,1.0,11.0,78.0,12.0,7.0,11.0,0.294,0.2,0.5,7.1,1.1,0.6,1.0,-0.1,-0.071,-7.4,-0.1,2019,IAM_QUINN11
50,50,IND,Jarrell Brantley,College of Charleston,2.0,11.0,103.0,24.0,21.0,11.0,0.345,0.214,0.5,9.4,2.2,1.9,1.0,0.0,-0.005,-5.0,-0.1,2019,jstuntbrantley
51,51,BOS,Tremont Waters,LSU,2.0,17.0,180.0,57.0,17.0,33.0,0.28800000000000003,0.21899999999999997,1.0,10.6,3.4,1.0,1.9,-0.4,-0.098,-7.3,-0.2,2019,WatersTremont
52,52,CHO,Jalen McDaniels,San Diego State,2.0,25.0,376.0,124.0,84.0,18.0,0.484,0.36700000000000005,0.75,15.0,5.0,3.4,0.7,0.5,0.066,-4.0,-0.2,2019,jalenmcdaniels5
53,53,UTA,Justin Wright-Foreman,Hofstra,1.0,4.0,45.0,19.0,5.0,7.0,0.35,0.2,0.75,11.3,4.8,1.3,1.8,0.0,-0.008,-9.0,-0.1,2019,JayWright_3
54,54,PHI,Marial Shayok,Iowa State,1.0,4.0,28.0,11.0,7.0,1.0,0.25,0.33299999999999996,0.75,7.0,2.8,1.8,0.3,-0.1,-0.13,-13.0,-0.1,2019,MarialShayok
55,55,NYK,Kyle Guy,Virginia,2.0,7.0,44.0,19.0,6.0,8.0,0.316,0.25,0.833,6.3,2.7,0.9,1.1,0.0,0.040999999999999995,-3.2,0.0,2019,kylejguy
56,56,LAC,Jaylen Hands,UCLA,,,,,,,,,,,,,,,,,,2019,JHANDS08
57,57,NOP,Jordan Bone,Tennessee,2.0,20.0,220.0,62.0,25.0,20.0,0.413,0.294,,11.0,3.1,1.3,1.0,0.2,0.036000000000000004,-5.7,-0.2,2019,JordanBone23
58,58,GSW,Miye Oni,Yale,2.0,21.0,199.0,51.0,33.0,9.0,0.34,0.353,0.7140000000000001,9.5,2.4,1.6,0.4,0.2,0.057,-4.4,-0.1,2019,PrinceOni13
59,59,TOR,Dewan Hernandez,Miami (FL),1.0,6.0,28.0,14.0,14.0,3.0,0.35700000000000004,0.5,0.6,4.7,2.3,2.3,0.5,0.0,0.043,-9.6,-0.1,2019,DewanGoesFor_20
60,60,SAC,Vanja Marinković,,,,,,,,,,,,,,,,,,,2019,vanjam32
1,1,MIN,Anthony Edwards,Georgia,1.0,16.0,396.0,196.0,44.0,26.0,0.344,0.27399999999999997,0.8059999999999999,24.8,12.3,2.8,1.6,-0.8,-0.099,-9.3,-0.7,2020,theantedwards_
2,2,GSW,James Wiseman,Memphis,1.0,17.0,359.0,202.0,101.0,11.0,0.513,0.33299999999999996,0.615,21.1,11.9,5.9,0.6,0.4,0.053,-4.1,-0.2,2020,BigTicket_JW
3,3,CHO,LaMelo Ball,,1.0,17.0,418.0,192.0,103.0,100.0,0.401,0.312,0.667,24.6,11.3,6.1,5.9,0.7,0.075,1.5,0.4,2020,MELOD1P
4,4,CHI,Patrick Williams,Florida State,1.0,16.0,407.0,151.0,64.0,16.0,0.46,0.444,0.8079999999999999,25.4,9.4,4.0,1.0,0.3,0.031,-4.1,-0.2,2020,patricklw4
5,5,CLE,Isaac Okoro,Auburn,1.0,12.0,431.0,100.0,29.0,21.0,0.391,0.294,0.643,35.9,8.3,2.4,1.8,0.1,0.011000000000000001,-5.5,-0.4,2020,isaacokoro303
6,6,ATL,Onyeka Okongwu,USC,1.0,4.0,48.0,12.0,14.0,2.0,0.5,,0.0,12.0,3.0,3.5,0.5,0.1,0.07,-0.9,0.0,2020,BigO21_
7,7,DET,Killian Hayes,,1.0,7.0,148.0,32.0,8.0,25.0,0.27699999999999997,0.25,0.5,21.1,4.6,1.1,3.6,-0.5,-0.17300000000000001,-13.6,-0.4,2020,iam_killian
8,8,NYK,Obi Toppin,Dayton,1.0,8.0,99.0,40.0,25.0,6.0,0.39,0.278,0.6,12.4,5.0,3.1,0.8,0.1,0.027999999999999997,-2.0,0.0,2020,obitoppin1
9,9,WAS,Deni Avdija,,1.0,11.0,255.0,77.0,44.0,24.0,0.452,0.457,0.625,23.2,7.0,4.0,2.2,0.4,0.083,-1.2,0.1,2020,deniavdia8
10,10,PHO,Jalen Smith,Maryland,1.0,3.0,29.0,9.0,7.0,1.0,0.5,0.33299999999999996,0.0,9.7,3.0,2.3,0.3,0.1,0.086,-0.1,0.0,2020,thejalen_smith
11,11,SAS,Devin Vassell,Florida State,1.0,16.0,297.0,91.0,58.0,22.0,0.37,0.415,0.9329999999999999,18.6,5.7,3.6,1.4,0.8,0.136,1.7,0.3,2020,Yvngdevo
12,12,SAC,Tyrese Haliburton,Iowa State,1.0,14.0,392.0,160.0,42.0,68.0,0.504,0.47,0.818,28.0,11.4,3.0,4.9,0.9,0.109,1.9,0.4,2020,TyHaliburton22
13,13,NOP,Kira Lewis Jr.,Alabama,1.0,7.0,60.0,25.0,4.0,9.0,0.31,0.25,0.833,8.6,3.6,0.6,1.3,0.0,-0.013999999999999999,-6.2,-0.1,2020,
14,14,BOS,Aaron Nesmith,Vanderbilt,1.0,7.0,101.0,33.0,13.0,4.0,0.353,0.34600000000000003,,14.4,4.7,1.9,0.6,0.0,0.004,-7.3,-0.1,2020,aaronnesmith24
15,15,ORL,Cole Anthony,UNC,1.0,18.0,468.0,198.0,82.0,60.0,0.369,0.33899999999999997,0.846,26.0,11.0,4.6,3.3,0.2,0.019,-3.8,-0.2,2020,The_ColeAnthony
16,16,POR,Isaiah Stewart,Washington,1.0,15.0,261.0,71.0,81.0,11.0,0.49200000000000005,0.0,0.733,17.4,4.7,5.4,0.7,0.6,0.10800000000000001,-3.9,-0.1,2020,Dreamville_33
17,17,MIN,Aleksej Pokusevski,,1.0,14.0,237.0,45.0,51.0,18.0,0.24,0.191,,16.9,3.2,3.6,1.3,-0.7,-0.145,-6.9,-0.3,2020,aleksejpokusevs
18,18,DAL,Josh Green,Arizona,1.0,14.0,196.0,35.0,38.0,9.0,0.424,0.091,0.6,14.0,2.5,2.7,0.6,0.0,0.003,-6.4,-0.2,2020,josh_green6
19,19,BRK,Saddiq Bey,Villanova,1.0,16.0,296.0,122.0,53.0,9.0,0.349,0.37799999999999995,0.8,18.5,7.6,3.3,0.6,0.2,0.033,-3.8,-0.1,2020,_Beyyy15
20,20,MIA,Precious Achiuwa,Memphis,1.0,16.0,257.0,117.0,79.0,13.0,0.63,,0.5429999999999999,16.1,7.3,4.9,0.8,0.6,0.113,-3.2,-0.1,2020,PreciousAchiuwa
21,21,PHI,Tyrese Maxey,Kentucky,1.0,18.0,363.0,180.0,44.0,37.0,0.465,0.293,0.833,20.2,10.0,2.4,2.1,0.6,0.077,-1.8,0.0,2020,TyreseMaxey
22,22,DEN,Zeke Nnaji,Arizona,1.0,6.0,16.0,2.0,2.0,0.0,0.25,0.0,,2.7,0.3,0.3,0.0,0.0,-0.08,-14.5,0.0,2020,ZekeNnaji_Hoopz
23,23,NYK,Leandro Bolmaro,,,,,,,,,,,,,,,,,,,2020,BolmaroLeandro
24,24,MIL,R.J. Hampton,,1.0,10.0,29.0,8.0,5.0,0.0,0.375,0.0,1.0,2.9,0.8,0.5,0.0,0.0,-0.059000000000000004,-12.9,-0.1,2020,RjHampton14
25,25,OKC,Immanuel Quickley,Kentucky,1.0,14.0,249.0,154.0,25.0,36.0,0.40299999999999997,0.37,0.9440000000000001,17.8,11.0,1.8,2.6,0.7,0.139,2.0,0.3,2020,IQ_GodSon
26,26,BOS,Payton Pritchard,Oregon,1.0,14.0,293.0,108.0,33.0,36.0,0.488,0.425,0.9,20.9,7.7,2.4,2.6,0.5,0.08900000000000001,-1.3,0.0,2020,paytonpritch3
27,27,UTA,Udoka Azubuike,Kansas,1.0,9.0,44.0,12.0,11.0,0.0,0.5710000000000001,,0.667,4.9,1.3,1.2,0.0,0.1,0.107,-5.0,0.0,2020,TimUdoka
28,28,LAL,Jaden McDaniels,Washington,1.0,10.0,144.0,46.0,30.0,8.0,0.36700000000000005,0.391,0.2,14.4,4.6,3.0,0.8,0.0,0.002,-5.6,-0.1,2020,Jmcdaniels7
29,29,TOR,Malachi Flynn,San Diego State,1.0,11.0,101.0,25.0,8.0,16.0,0.27,0.22699999999999998,0.0,9.2,2.3,0.7,1.5,-0.1,-0.048,-8.3,-0.2,2020,malachi_flynn3
30,30,BOS,Desmond Bane,TCU,1.0,13.0,285.0,112.0,36.0,14.0,0.47100000000000003,0.489,0.778,21.9,8.6,2.8,1.1,0.5,0.08,-3.0,-0.1,2020,DBane0625
31,31,DAL,Tyrell Terry,Stanford,1.0,9.0,51.0,10.0,6.0,6.0,0.33299999999999996,0.0,0.0,5.7,1.1,0.7,0.7,0.0,-0.009000000000000001,-3.7,0.0,2020,tyterry05
32,32,CHO,Vernon Carey Jr.,Duke,1.0,3.0,6.0,3.0,3.0,1.0,0.33299999999999996,0.0,0.5,2.0,1.0,1.0,0.3,0.0,0.19699999999999998,7.4,0.0,2020,
33,33,MIN,Daniel Oturu,Minnesota,1.0,9.0,38.0,20.0,14.0,4.0,0.6,0.0,1.0,4.2,2.2,1.6,0.4,0.2,0.27,2.0,0.0,2020,oturu65
34,34,PHI,Théo Maledon,,1.0,16.0,318.0,96.0,39.0,44.0,0.359,0.298,0.455,19.9,6.0,2.4,2.8,-0.4,-0.063,-8.2,-0.5,2020,
35,35,SAC,Xavier Tillman Sr.,Michigan State,1.0,8.0,166.0,69.0,31.0,13.0,0.561,0.2,0.75,20.8,8.6,3.9,1.6,0.6,0.174,1.7,0.2,2020,
36,36,PHI,Tyler Bey,Colorado,1.0,4.0,13.0,6.0,3.0,0.0,0.4,,0.5,3.3,1.5,0.8,0.0,0.0,0.078,-4.5,0.0,2020,Tbeeyy
37,37,WAS,Vit Krejci,,,,,,,,,,,,,,,,,,,2020,v_krejci
38,38,UTA,Saben Lee,Vanderbilt,1.0,5.0,50.0,14.0,3.0,6.0,0.364,0.0,0.75,10.0,2.8,0.6,1.2,0.0,-0.013999999999999999,-5.6,0.0,2020,SabenLee
39,39,NOP,Elijah Hughes,Syracuse,1.0,6.0,27.0,16.0,4.0,3.0,0.33299999999999996,0.3,0.75,4.5,2.7,0.7,0.5,0.0,-0.054000000000000006,-4.5,0.0,2020,elijahhughes4_
40,40,MEM,Robert Woodard,Mississippi State,1.0,5.0,16.0,13.0,8.0,0.0,0.545,0.33299999999999996,0.0,3.2,2.6,1.6,0.0,0.0,0.0,-1.8,0.0,2020,Raw2512
41,41,SAS,Tre Jones,Duke,1.0,7.0,23.0,16.0,3.0,1.0,0.6,1.0,1.0,3.3,2.3,0.4,0.1,0.1,0.172,0.2,0.0,2020,Tre3Jones
42,42,NOP,Nick Richards,Kentucky,1.0,4.0,12.0,5.0,4.0,0.0,1.0,,0.5,3.0,1.3,1.0,0.0,0.1,0.21899999999999997,-0.7,0.0,2020,iamnickrichards
43,43,SAC,Jahmi'us Ramsey,Texas Tech,1.0,4.0,16.0,5.0,4.0,1.0,0.5,0.33299999999999996,,4.0,1.3,1.0,0.3,0.0,0.006999999999999999,-3.9,0.0,2020,newanimprovedJR
44,44,CHI,Marko Simonovic,,,,,,,,,,,,,,,,,,,2020,simke12
45,45,MIL,Jordan Nwora,Louisville,1.0,8.0,71.0,48.0,15.0,0.0,0.5,0.5,0.9,8.9,6.0,1.9,0.0,0.1,0.096,-2.9,0.0,2020,JordanNwora
46,46,POR,CJ Elleby,Washington State,1.0,6.0,34.0,14.0,2.0,2.0,0.625,0.4,0.667,5.7,2.3,0.3,0.3,0.1,0.131,-2.3,0.0,2020,EllebyCj
47,47,BOS,Yam Madar,,,,,,,,,,,,,,,,,,,2020,
48,48,GSW,Nico Mannion,Arizona,1.0,4.0,28.0,9.0,3.0,10.0,0.33299999999999996,0.33299999999999996,0.5,7.0,2.3,0.8,2.5,0.1,0.096,0.6,0.0,2020,niccolomannion
49,49,PHI,Isaiah Joe,Arkansas,1.0,10.0,182.0,64.0,16.0,13.0,0.36200000000000004,0.37,1.0,18.2,6.4,1.6,1.3,0.3,0.08199999999999999,-2.7,0.0,2020,zai_joe1
50,50,ATL,Skylar Mays,LSU,1.0,3.0,11.0,0.0,0.0,1.0,0.0,0.0,,3.7,0.0,0.0,0.3,-0.1,-0.226,-15.4,0.0,2020,skylarmays4
51,51,GSW,Justinian Jessup,Boise State,,,,,,,,,,,,,,,,,,2020,justinian_10
52,52,SAC,Kenyon Martin Jr.,,1.0,7.0,69.0,23.0,19.0,4.0,0.37,0.25,0.4,9.9,3.3,2.7,0.6,0.0,-0.026000000000000002,-6.5,-0.1,2020,
53,53,OKC,Cassius Winston,Michigan State,1.0,2.0,24.0,8.0,4.0,3.0,0.375,0.33299999999999996,,12.0,4.0,2.0,1.5,0.0,0.016,-5.0,0.0,2020,cassiuswinston
54,54,IND,Cassius Stanley,Duke,1.0,8.0,23.0,9.0,3.0,0.0,0.28600000000000003,0.5,0.8,2.9,1.1,0.4,0.0,0.0,0.047,-7.9,0.0,2020,cassius_stanley
55,55,BRK,Jay Scrubb,John A. Logan College,,,,,,,,,,,,,,,,,,2020,jayscrubb
56,56,CHO,Grant Riller,College of Charleston,,,,,,,,,,,,,,,,,,2020,grantriller97
57,57,LAC,Reggie Perry,Mississippi State,1.0,11.0,115.0,40.0,38.0,9.0,0.405,0.125,0.625,10.5,3.6,3.5,0.8,0.1,0.025,-6.3,-0.1,2020,_R1bang_
58,58,PHI,Paul Reed,DePaul,1.0,5.0,55.0,18.0,10.0,3.0,0.409,0.0,,11.0,3.6,2.0,0.6,-0.1,-0.048,-8.1,-0.1,2020,Bball_paul
59,59,TOR,Jalen Harris,Nevada,1.0,2.0,4.0,0.0,1.0,0.0,,,,2.0,0.0,0.5,0.0,0.0,-0.2,-21.2,0.0,2020,TheJalenHarris
60,60,NOP,Sam Merrill,Utah State University,1.0,7.0,43.0,14.0,9.0,10.0,0.5,0.667,1.0,6.1,2.0,1.3,1.4,0.2,0.22899999999999998,5.0,0.1,2020,smerrill05
