twitter_handle,text_length,season,num_tweets,num_mentions
alexlen,766,2014-2015,105,63
alexlen,447,2012-2013,35,31
alexlen,134,2016-2017,12,5
alexlen,53,2019-2020,3,3
alexlen,743,2015-2016,79,38
alexlen,1323,2013-2014,121,94
alexlen,69,2018-2019,11,5
Dwhite921,1212,2017-2018,144,106
Dwhite921,4937,2014-2015,650,528
Dwhite921,6698,2012-2013,823,625
Dwhite921,754,2016-2017,104,71
Dwhite921,799,2019-2020,97,75
Dwhite921,565,2020-2021,98,79
Dwhite921,2183,2015-2016,298,226
Dwhite921,7243,2013-2014,857,616
Dwhite921,540,2018-2019,72,57
GorguiDieng,472,2017-2018,39,22
GorguiDieng,1897,2014-2015,255,106
GorguiDieng,2763,2012-2013,304,175
GorguiDieng,1095,2016-2017,102,51
GorguiDieng,530,2019-2020,82,30
GorguiDieng,57,2020-2021,3,3
GorguiDieng,633,2015-2016,61,35
GorguiDieng,2243,2013-2014,259,187
GorguiDieng,723,2018-2019,121,33
thekidet,1895,2017-2018,181,55
thekidet,11894,2018-2019,1110,469
thekidet,12938,2019-2020,1321,676
thekidet,5105,2020-2021,588,300
farouq1,1068,2017-2018,106,63
farouq1,2626,2014-2015,232,96
farouq1,1757,2012-2013,162,82
farouq1,557,2016-2017,58,14
farouq1,8848,2011-2012,929,444
farouq1,11687,2010-2011,1308,557
farouq1,82,2019-2020,5,3
farouq1,1398,2015-2016,134,66
farouq1,1901,2013-2014,174,102
farouq1,205,2018-2019,12,12
juanchiviris41,2841,2017-2018,277,182
juanchiviris41,4518,2014-2015,354,273
juanchiviris41,2730,2016-2017,305,212
juanchiviris41,1211,2019-2020,119,92
juanchiviris41,248,2020-2021,28,20
juanchiviris41,4050,2015-2016,345,262
juanchiviris41,7134,2013-2014,507,387
juanchiviris41,1643,2018-2019,137,103
KBD_33,207,2014-2015,18,16
KBD_33,7509,2012-2013,1059,540
KBD_33,169,2016-2017,15,13
KBD_33,2079,2011-2012,241,125
KBD_33,127,2019-2020,14,13
KBD_33,121,2020-2021,17,12
KBD_33,240,2015-2016,42,33
KBD_33,3929,2013-2014,579,310
KBD_33,125,2018-2019,10,10
JeffWithey,82,2017-2018,12,8
JeffWithey,807,2014-2015,89,31
JeffWithey,1659,2012-2013,138,81
JeffWithey,857,2016-2017,79,22
JeffWithey,2080,2011-2012,175,108
JeffWithey,438,2010-2011,37,27
JeffWithey,60,2019-2020,5,5
JeffWithey,49,2009-2010,3,1
JeffWithey,346,2015-2016,32,10
JeffWithey,221,2013-2014,31,22
JeffWithey,63,2018-2019,4,4
Jonahbolden43,365,2017-2018,51,33
Jonahbolden43,1671,2014-2015,141,84
Jonahbolden43,1189,2012-2013,84,63
Jonahbolden43,610,2016-2017,53,42
Jonahbolden43,271,2019-2020,24,17
Jonahbolden43,585,2015-2016,57,53
Jonahbolden43,4466,2013-2014,341,230
Jonahbolden43,305,2018-2019,55,37
dillonbrooks24,4341,2017-2018,381,310
dillonbrooks24,4261,2014-2015,458,331
dillonbrooks24,3670,2012-2013,440,319
dillonbrooks24,4252,2016-2017,345,264
dillonbrooks24,967,2019-2020,79,78
dillonbrooks24,1356,2015-2016,122,99
dillonbrooks24,9992,2013-2014,1084,820
dillonbrooks24,2164,2018-2019,171,129
IAmJustise,387,2017-2018,30,24
IAmJustise,6237,2014-2015,647,317
IAmJustise,1433,2016-2017,164,73
IAmJustise,5960,2019-2020,627,270
IAmJustise,1928,2020-2021,238,87
IAmJustise,3461,2015-2016,393,188
IAmJustise,11056,2013-2014,1023,556
IAmJustise,253,2018-2019,17,12
FurkanKorkmaz,343,2017-2018,41,3
FurkanKorkmaz,621,2014-2015,116,44
FurkanKorkmaz,1585,2012-2013,294,214
FurkanKorkmaz,154,2016-2017,19,6
FurkanKorkmaz,722,2019-2020,102,18
FurkanKorkmaz,437,2020-2021,48,8
FurkanKorkmaz,366,2015-2016,53,22
FurkanKorkmaz,1950,2013-2014,336,192
FurkanKorkmaz,425,2018-2019,47,7
thoneycutt23,306,2017-2018,26,25
thoneycutt23,5377,2012-2013,784,412
thoneycutt23,1198,2014-2015,128,92
thoneycutt23,867,2016-2017,83,75
thoneycutt23,6886,2011-2012,809,471
thoneycutt23,426,2010-2011,45,27
thoneycutt23,23,2009-2010,5,1
thoneycutt23,577,2015-2016,62,60
thoneycutt23,1990,2013-2014,214,128
denzelvalentine,1546,2017-2018,166,121
denzelvalentine,2135,2014-2015,226,112
denzelvalentine,7709,2012-2013,975,573
denzelvalentine,2280,2016-2017,250,167
denzelvalentine,1283,2019-2020,95,81
denzelvalentine,2356,2020-2021,261,185
denzelvalentine,3278,2015-2016,317,202
denzelvalentine,3867,2013-2014,451,273
denzelvalentine,112,2018-2019,10,10
OrlandoVJohnson,2322,2016-2017,213,177
OrlandoVJohnson,7272,2017-2018,694,527
OrlandoVJohnson,8218,2018-2019,753,567
OrlandoVJohnson,8536,2019-2020,780,607
OrlandoVJohnson,6106,2020-2021,632,460
Goodknight11,395,2017-2018,56,19
Goodknight11,1165,2014-2015,115,40
Goodknight11,1768,2012-2013,238,78
Goodknight11,453,2016-2017,51,23
Goodknight11,5706,2011-2012,636,309
Goodknight11,2115,2010-2011,256,130
Goodknight11,39,2019-2020,9,3
Goodknight11,556,2015-2016,54,17
Goodknight11,521,2013-2014,44,17
Goodknight11,202,2018-2019,20,9
KellyOlynyk,894,2017-2018,103,55
KellyOlynyk,2532,2014-2015,285,161
KellyOlynyk,5068,2012-2013,352,260
KellyOlynyk,727,2016-2017,89,35
KellyOlynyk,3102,2011-2012,233,182
KellyOlynyk,726,2010-2011,61,26
KellyOlynyk,289,2019-2020,28,9
KellyOlynyk,13,2020-2021,3,1
KellyOlynyk,896,2015-2016,86,57
KellyOlynyk,3311,2013-2014,233,160
KellyOlynyk,499,2018-2019,68,34
DzMusa,475,2017-2018,72,26
DzMusa,486,2016-2017,69,36
DzMusa,449,2019-2020,88,34
DzMusa,63,2020-2021,5,5
DzMusa,153,2015-2016,39,8
DzMusa,1123,2018-2019,171,84
RealSwat32,54,2017-2018,3,3
RealSwat32,704,2012-2013,73,40
RealSwat32,943,2014-2015,91,54
RealSwat32,625,2011-2012,69,29
RealSwat32,135,2010-2011,22,3
RealSwat32,197,2015-2016,22,21
RealSwat32,1148,2013-2014,102,63
MarkkanenLauri,1759,2017-2018,179,118
MarkkanenLauri,157,2014-2015,19,19
MarkkanenLauri,50,2012-2013,3,3
MarkkanenLauri,3321,2016-2017,268,251
MarkkanenLauri,347,2019-2020,36,14
MarkkanenLauri,168,2020-2021,13,8
MarkkanenLauri,729,2015-2016,67,56
MarkkanenLauri,197,2013-2014,15,15
MarkkanenLauri,864,2018-2019,94,49
23savage____,1388,2017-2018,180,101
23savage____,3525,2016-2017,413,220
23savage____,293,2019-2020,58,31
23savage____,288,2020-2021,44,18
23savage____,224,2015-2016,24,13
23savage____,780,2018-2019,111,70
DangubicNemanja,1678,2013-2014,178,116
DangubicNemanja,190,2011-2012,39,10
DangubicNemanja,996,2012-2013,186,69
DangubicNemanja,779,2014-2015,77,65
AustinRivers25,469,2017-2018,36,22
AustinRivers25,1263,2014-2015,92,29
AustinRivers25,4127,2012-2013,319,126
AustinRivers25,578,2016-2017,46,15
AustinRivers25,12434,2011-2012,1046,303
AustinRivers25,15969,2010-2011,1135,333
AustinRivers25,194,2019-2020,16,11
AustinRivers25,383,2020-2021,28,5
AustinRivers25,1391,2015-2016,126,28
AustinRivers25,3296,2013-2014,268,100
AustinRivers25,335,2018-2019,25,18
rodneyhood,227,2016-2017,18,8
rodneyhood,492,2017-2018,56,23
rodneyhood,65,2018-2019,10,1
rodneyhood,274,2015-2016,23,10
JarnellStokes,978,2017-2018,155,132
JarnellStokes,1630,2014-2015,158,100
JarnellStokes,14997,2012-2013,1762,976
JarnellStokes,1331,2016-2017,149,84
JarnellStokes,2451,2019-2020,147,115
JarnellStokes,191,2020-2021,12,12
JarnellStokes,1279,2015-2016,132,81
JarnellStokes,1752,2013-2014,179,97
JarnellStokes,4145,2018-2019,423,317
M10OSE,119,2017-2018,13,11
M10OSE,606,2014-2015,53,34
M10OSE,3005,2012-2013,335,180
M10OSE,1852,2019-2020,153,98
M10OSE,5776,2020-2021,581,396
M10OSE,133,2015-2016,13,5
M10OSE,4036,2013-2014,480,215
JacobEvans_1,4569,2016-2017,433,383
JacobEvans_1,14910,2017-2018,1316,1125
JacobEvans_1,5742,2018-2019,585,456
JacobEvans_1,3705,2019-2020,337,266
JacobEvans_1,2491,2020-2021,219,167
Bam1of1,968,2017-2018,213,121
Bam1of1,3160,2016-2017,669,254
Bam1of1,1003,2019-2020,269,108
Bam1of1,312,2020-2021,74,49
Bam1of1,13673,2015-2016,1643,878
Bam1of1,765,2018-2019,157,93
jcollins20_,1968,2017-2018,195,170
jcollins20_,5444,2014-2015,547,402
jcollins20_,939,2012-2013,78,49
jcollins20_,4092,2016-2017,329,267
jcollins20_,150,2011-2012,13,6
jcollins20_,311,2019-2020,44,23
jcollins20_,94,2020-2021,11,5
jcollins20_,799,2015-2016,76,64
jcollins20_,2776,2013-2014,313,180
jcollins20_,930,2018-2019,112,76
TokoShengelia23,689,2017-2018,87,41
TokoShengelia23,274,2014-2015,35,14
TokoShengelia23,1077,2016-2017,113,51
TokoShengelia23,881,2019-2020,123,96
TokoShengelia23,283,2020-2021,51,28
TokoShengelia23,782,2015-2016,78,21
TokoShengelia23,304,2013-2014,32,15
TokoShengelia23,899,2018-2019,110,57
EBled2,2381,2017-2018,347,150
EBled2,2112,2014-2015,216,168
EBled2,4871,2012-2013,550,369
EBled2,4270,2016-2017,405,306
EBled2,4902,2011-2012,650,443
EBled2,629,2019-2020,101,36
EBled2,281,2020-2021,36,21
EBled2,6569,2015-2016,571,473
EBled2,1554,2013-2014,154,112
EBled2,1183,2018-2019,148,81
TDORSEY_1,607,2017-2018,52,41
TDORSEY_1,3377,2014-2015,273,207
TDORSEY_1,989,2012-2013,91,49
TDORSEY_1,364,2016-2017,33,29
TDORSEY_1,916,2011-2012,85,27
TDORSEY_1,287,2019-2020,31,29
TDORSEY_1,192,2020-2021,25,20
TDORSEY_1,615,2015-2016,50,44
TDORSEY_1,2783,2013-2014,253,145
TDORSEY_1,362,2018-2019,32,27
moritz_weasley,1223,2017-2018,118,81
moritz_weasley,625,2014-2015,47,30
moritz_weasley,207,2012-2013,16,15
moritz_weasley,1180,2016-2017,125,104
moritz_weasley,1347,2019-2020,107,85
moritz_weasley,256,2020-2021,24,18
moritz_weasley,598,2015-2016,61,47
moritz_weasley,288,2013-2014,19,18
moritz_weasley,1391,2018-2019,135,92
WillTheThrillB5,2618,2017-2018,299,237
WillTheThrillB5,8468,2014-2015,803,445
WillTheThrillB5,3254,2016-2017,308,176
WillTheThrillB5,2542,2019-2020,260,212
WillTheThrillB5,1659,2020-2021,171,144
WillTheThrillB5,9301,2015-2016,840,458
WillTheThrillB5,4085,2018-2019,474,412
amoultrie,1244,2017-2018,137,75
amoultrie,2558,2014-2015,386,139
amoultrie,2575,2012-2013,422,225
amoultrie,1509,2016-2017,192,73
amoultrie,8577,2011-2012,1241,565
amoultrie,968,2019-2020,100,58
amoultrie,276,2020-2021,27,18
amoultrie,1953,2015-2016,276,75
amoultrie,1669,2013-2014,256,124
amoultrie,1318,2018-2019,150,90
mcarterwilliams,4471,2017-2018,407,299
mcarterwilliams,5624,2014-2015,658,390
mcarterwilliams,4445,2016-2017,470,320
mcarterwilliams,1169,2019-2020,118,67
mcarterwilliams,1084,2020-2021,144,37
mcarterwilliams,4766,2015-2016,559,348
mcarterwilliams,5514,2013-2014,698,384
mcarterwilliams,1363,2018-2019,121,64
tomwelsh40,143,2017-2018,13,8
tomwelsh40,116,2014-2015,11,9
tomwelsh40,50,2012-2013,6,5
tomwelsh40,82,2016-2017,8,6
tomwelsh40,7,2019-2020,1,1
tomwelsh40,20,2020-2021,1,1
tomwelsh40,59,2015-2016,4,2
tomwelsh40,224,2013-2014,13,7
tomwelsh40,82,2018-2019,4,4
RealTristan13,434,2017-2018,68,23
RealTristan13,1423,2014-2015,133,54
RealTristan13,6085,2012-2013,638,322
RealTristan13,1082,2016-2017,164,81
RealTristan13,13649,2011-2012,1488,759
RealTristan13,1066,2019-2020,149,65
RealTristan13,709,2020-2021,85,31
RealTristan13,566,2015-2016,68,25
RealTristan13,3247,2013-2014,318,170
RealTristan13,426,2018-2019,82,41
44Bojan,126,2014-2015,8,5
44Bojan,40,2016-2017,4,3
44Bojan,1377,2015-2016,100,34
44Bojan,137,2019-2020,9,4
SemajChriston,20,2017-2018,2,2
SemajChriston,4049,2012-2013,520,217
SemajChriston,6146,2014-2015,660,383
SemajChriston,1029,2016-2017,115,77
SemajChriston,4602,2015-2016,548,374
SemajChriston,11809,2013-2014,1239,591
YoungTRaaw,1399,2017-2018,163,127
YoungTRaaw,2520,2014-2015,211,124
YoungTRaaw,1408,2012-2013,199,85
YoungTRaaw,918,2016-2017,90,52
YoungTRaaw,4118,2011-2012,595,176
YoungTRaaw,282,2010-2011,50,18
YoungTRaaw,791,2019-2020,120,72
YoungTRaaw,641,2020-2021,88,49
YoungTRaaw,1205,2015-2016,126,76
YoungTRaaw,2527,2013-2014,291,160
YoungTRaaw,644,2018-2019,90,73
KingMali23,6932,2016-2017,863,190
KingMali23,7141,2017-2018,817,247
KingMali23,3770,2018-2019,466,136
KingMali23,3841,2019-2020,406,132
KingMali23,5299,2020-2021,623,134
zcollins_33,2118,2017-2018,219,171
zcollins_33,12935,2016-2017,1236,1090
zcollins_33,728,2019-2020,55,46
zcollins_33,694,2020-2021,48,43
zcollins_33,12044,2015-2016,1123,1013
zcollins_33,581,2018-2019,53,34
ShabazzNapier,148,2017-2018,14,4
ShabazzNapier,282,2014-2015,22,11
ShabazzNapier,345,2016-2017,34,6
ShabazzNapier,100,2019-2020,7,0
ShabazzNapier,374,2015-2016,28,4
ShabazzNapier,60,2013-2014,4,3
ShabazzNapier,78,2018-2019,13,4
TreyLyles,2225,2017-2018,236,86
TreyLyles,8147,2014-2015,1278,509
TreyLyles,3635,2016-2017,400,153
TreyLyles,899,2019-2020,91,43
TreyLyles,583,2020-2021,54,30
TreyLyles,3923,2015-2016,582,229
TreyLyles,2740,2013-2014,398,188
TreyLyles,1011,2018-2019,99,32
DBertans_42,932,2017-2018,73,44
DBertans_42,1880,2014-2015,165,130
DBertans_42,3639,2012-2013,375,249
DBertans_42,1273,2016-2017,98,68
DBertans_42,5484,2011-2012,562,310
DBertans_42,51,2010-2011,5,2
DBertans_42,620,2019-2020,61,30
DBertans_42,329,2020-2021,29,18
DBertans_42,1245,2015-2016,103,74
DBertans_42,4406,2013-2014,351,202
DBertans_42,511,2018-2019,48,36
Reggie_Jackson,1240,2017-2018,114,74
Reggie_Jackson,2540,2014-2015,290,135
Reggie_Jackson,10698,2012-2013,1018,557
Reggie_Jackson,1781,2016-2017,173,77
Reggie_Jackson,10352,2011-2012,1006,592
Reggie_Jackson,194,2019-2020,22,9
Reggie_Jackson,115,2020-2021,13,8
Reggie_Jackson,1490,2015-2016,169,105
Reggie_Jackson,2567,2013-2014,294,160
Reggie_Jackson,704,2018-2019,57,38
BeMore27,2221,2017-2018,278,172
BeMore27,105,2014-2015,9,1
BeMore27,2193,2016-2017,241,164
BeMore27,1433,2019-2020,179,89
BeMore27,827,2020-2021,106,65
BeMore27,529,2015-2016,48,25
BeMore27,819,2018-2019,77,54
jimmerfredette,1757,2017-2018,122,77
jimmerfredette,4175,2014-2015,322,169
jimmerfredette,9304,2012-2013,632,372
jimmerfredette,1808,2016-2017,140,82
jimmerfredette,14125,2011-2012,920,462
jimmerfredette,1353,2010-2011,86,42
jimmerfredette,1253,2019-2020,85,56
jimmerfredette,830,2020-2021,59,30
jimmerfredette,1487,2015-2016,125,67
jimmerfredette,8263,2013-2014,598,334
jimmerfredette,1601,2018-2019,111,57
colea45,548,2017-2018,63,47
colea45,1293,2014-2015,122,80
colea45,4919,2012-2013,414,255
colea45,725,2016-2017,72,50
colea45,8741,2011-2012,837,448
colea45,11730,2010-2011,934,441
colea45,1076,2019-2020,136,114
colea45,427,2020-2021,50,39
colea45,2421,2009-2010,196,67
colea45,821,2015-2016,76,55
colea45,2489,2013-2014,241,137
colea45,396,2018-2019,59,44
TylerEnnis,1278,2017-2018,191,114
TylerEnnis,3977,2014-2015,487,348
TylerEnnis,7182,2012-2013,878,624
TylerEnnis,1488,2016-2017,215,109
TylerEnnis,2529,2011-2012,387,243
TylerEnnis,1281,2019-2020,154,95
TylerEnnis,1163,2020-2021,142,96
TylerEnnis,2535,2015-2016,337,217
TylerEnnis,2690,2013-2014,268,208
TylerEnnis,1322,2018-2019,141,78
REALRICKLEDO1,576,2017-2018,69,44
REALRICKLEDO1,2997,2014-2015,499,240
REALRICKLEDO1,2378,2012-2013,441,257
REALRICKLEDO1,1327,2016-2017,145,63
REALRICKLEDO1,3224,2019-2020,328,141
REALRICKLEDO1,682,2020-2021,73,41
REALRICKLEDO1,1027,2015-2016,152,43
REALRICKLEDO1,6943,2013-2014,1309,783
REALRICKLEDO1,1620,2018-2019,175,63
JoeyBuckets3,2243,2017-2018,212,133
JoeyBuckets3,8941,2014-2015,778,511
JoeyBuckets3,2459,2012-2013,301,91
JoeyBuckets3,2925,2016-2017,384,232
JoeyBuckets3,3143,2019-2020,328,215
JoeyBuckets3,1347,2020-2021,131,89
JoeyBuckets3,3616,2015-2016,368,246
JoeyBuckets3,5625,2013-2014,542,213
JoeyBuckets3,904,2018-2019,96,58
PAPPYGAWD,70,2017-2018,14,5
PAPPYGAWD,2531,2014-2015,274,150
PAPPYGAWD,15758,2012-2013,2102,1269
PAPPYGAWD,1630,2016-2017,198,73
PAPPYGAWD,1113,2019-2020,112,70
PAPPYGAWD,125,2020-2021,16,8
PAPPYGAWD,637,2015-2016,76,19
PAPPYGAWD,3099,2013-2014,305,165
PAPPYGAWD,366,2018-2019,39,24
Englishscope24,3639,2017-2018,253,191
Englishscope24,11096,2018-2019,905,611
Englishscope24,14992,2019-2020,1193,894
Englishscope24,10516,2020-2021,849,506
JimmyButler,86,2017-2018,7,5
JimmyButler,1034,2014-2015,82,36
JimmyButler,15244,2012-2013,1217,761
JimmyButler,100,2016-2017,8,7
JimmyButler,19517,2011-2012,1487,919
JimmyButler,235,2019-2020,28,15
JimmyButler,321,2020-2021,26,18
JimmyButler,364,2015-2016,33,14
JimmyButler,3399,2013-2014,256,164
JimmyButler,249,2018-2019,34,10
FWJackson15,239,2017-2018,21,19
FWJackson15,3381,2014-2015,308,261
FWJackson15,1274,2016-2017,116,89
FWJackson15,7104,2015-2016,603,521
FWJackson15,767,2013-2014,62,56
FWJackson15,17,2018-2019,2,1
taybowl_,252,2013-2014,25,16
taybowl_,4913,2011-2012,580,394
taybowl_,640,2012-2013,68,46
taybowl_,126,2014-2015,14,11
taybowl_,42,2015-2016,3,3
THEwillieCS15,822,2016-2017,93,55
THEwillieCS15,3644,2017-2018,363,233
THEwillieCS15,3247,2018-2019,363,246
THEwillieCS15,1839,2019-2020,218,154
THEwillieCS15,1130,2020-2021,188,137
HenryEllenson13,1985,2017-2018,224,139
HenryEllenson13,1795,2014-2015,214,99
HenryEllenson13,491,2012-2013,81,32
HenryEllenson13,2672,2016-2017,324,182
HenryEllenson13,39,2011-2012,8,2
HenryEllenson13,150,2019-2020,18,14
HenryEllenson13,403,2020-2021,32,29
HenryEllenson13,1559,2015-2016,189,100
HenryEllenson13,1823,2013-2014,266,103
HenryEllenson13,741,2018-2019,70,42
JonLeuer30,291,2017-2018,32,18
JonLeuer30,230,2008-2009,16,1
JonLeuer30,902,2014-2015,76,39
JonLeuer30,4946,2012-2013,437,208
JonLeuer30,185,2016-2017,25,12
JonLeuer30,8300,2011-2012,656,331
JonLeuer30,2058,2010-2011,154,64
JonLeuer30,494,2019-2020,41,27
JonLeuer30,1,2020-2021,1,1
JonLeuer30,590,2009-2010,48,10
JonLeuer30,239,2015-2016,25,8
JonLeuer30,1947,2013-2014,170,90
JonLeuer30,193,2018-2019,14,9
mikal_bridges,695,2017-2018,76,61
mikal_bridges,3187,2018-2019,399,247
mikal_bridges,1996,2019-2020,288,148
mikal_bridges,2425,2020-2021,430,168
DeandreAyton,1870,2017-2018,198,99
DeandreAyton,3774,2016-2017,303,263
DeandreAyton,263,2019-2020,27,21
DeandreAyton,275,2020-2021,29,14
DeandreAyton,2244,2015-2016,221,147
DeandreAyton,830,2018-2019,83,64
TerrenceJones1,187,2017-2018,19,5
TerrenceJones1,1047,2014-2015,82,44
TerrenceJones1,2105,2012-2013,237,101
TerrenceJones1,89,2016-2017,6,1
TerrenceJones1,9274,2011-2012,995,435
TerrenceJones1,9670,2010-2011,809,218
TerrenceJones1,688,2019-2020,50,21
TerrenceJones1,151,2020-2021,21,14
TerrenceJones1,1785,2009-2010,174,23
TerrenceJones1,538,2015-2016,74,26
TerrenceJones1,946,2013-2014,71,33
TerrenceJones1,236,2018-2019,35,27
22wiggins,356,2017-2018,43,20
22wiggins,804,2014-2015,82,52
22wiggins,1663,2012-2013,204,128
22wiggins,467,2016-2017,48,29
22wiggins,4867,2011-2012,591,353
22wiggins,540,2010-2011,87,14
22wiggins,252,2019-2020,19,13
22wiggins,47,2020-2021,10,4
22wiggins,622,2015-2016,61,44
22wiggins,1324,2013-2014,122,75
22wiggins,504,2018-2019,41,21
landryfields,962,2017-2018,88,69
landryfields,8125,2014-2015,667,451
landryfields,6719,2012-2013,598,398
landryfields,1792,2016-2017,200,129
landryfields,314,2019-2020,34,26
landryfields,86,2020-2021,12,11
landryfields,7081,2015-2016,662,401
landryfields,9858,2013-2014,859,611
landryfields,158,2018-2019,22,17
quese,4531,2017-2018,447,364
quese,3836,2016-2017,445,351
quese,6109,2019-2020,481,439
quese,6874,2020-2021,576,513
quese,6043,2015-2016,676,553
quese,5356,2018-2019,436,369
JJudahIsaac,5249,2017-2018,419,159
JJudahIsaac,681,2014-2015,63,32
JJudahIsaac,4930,2016-2017,624,337
JJudahIsaac,2709,2019-2020,221,145
JJudahIsaac,965,2020-2021,74,37
JJudahIsaac,12334,2015-2016,1490,824
JJudahIsaac,2620,2018-2019,179,86
NStauskas11,493,2017-2018,32,26
NStauskas11,13094,2014-2015,1154,791
NStauskas11,1926,2016-2017,172,77
NStauskas11,8657,2015-2016,826,326
NStauskas11,12719,2013-2014,964,691
NStauskas11,15,2018-2019,2,1
EvanFourmizz,3425,2016-2017,397,222
EvanFourmizz,5773,2017-2018,643,350
EvanFourmizz,4429,2018-2019,503,246
EvanFourmizz,9720,2019-2020,1038,478
EvanFourmizz,5781,2020-2021,619,281
campayne,93,2017-2018,14,7
campayne,9841,2014-2015,1260,623
campayne,2549,2016-2017,363,154
campayne,357,2019-2020,68,15
campayne,644,2020-2021,101,36
campayne,3333,2015-2016,519,199
campayne,7540,2013-2014,816,426
campayne,84,2018-2019,11,5
VicOladipo,4865,2017-2018,346,223
VicOladipo,2721,2014-2015,240,147
VicOladipo,3783,2012-2013,356,229
VicOladipo,813,2016-2017,66,36
VicOladipo,5851,2011-2012,552,298
VicOladipo,4939,2010-2011,489,219
VicOladipo,2239,2019-2020,190,91
VicOladipo,992,2020-2021,124,56
VicOladipo,993,2015-2016,84,42
VicOladipo,2144,2013-2014,188,112
VicOladipo,6330,2018-2019,501,305
nextlevel_03,332,2017-2018,22,15
nextlevel_03,7645,2018-2019,678,523
nextlevel_03,5680,2019-2020,491,390
nextlevel_03,2456,2020-2021,223,167
Jmickey_02,201,2017-2018,19,17
Jmickey_02,2049,2014-2015,215,122
Jmickey_02,5026,2012-2013,747,421
Jmickey_02,275,2016-2017,20,16
Jmickey_02,2548,2011-2012,371,187
Jmickey_02,221,2019-2020,17,15
Jmickey_02,220,2020-2021,18,17
Jmickey_02,493,2015-2016,52,29
Jmickey_02,1500,2013-2014,177,97
Jmickey_02,619,2018-2019,52,37
DHilliard6X,2374,2017-2018,320,139
DHilliard6X,3622,2016-2017,425,181
DHilliard6X,1607,2019-2020,213,116
DHilliard6X,1307,2020-2021,155,65
DHilliard6X,1156,2015-2016,155,69
DHilliard6X,1973,2018-2019,235,123
KlayThompson,907,2017-2018,67,35
KlayThompson,2683,2014-2015,263,110
KlayThompson,668,2016-2017,48,29
KlayThompson,342,2019-2020,22,17
KlayThompson,193,2020-2021,14,10
KlayThompson,865,2015-2016,80,47
KlayThompson,578,2013-2014,59,25
KlayThompson,448,2018-2019,32,16
ilknkrmn,304,2017-2018,41,22
ilknkrmn,75,2014-2015,7,3
ilknkrmn,3431,2012-2013,422,122
ilknkrmn,600,2016-2017,82,47
ilknkrmn,5812,2011-2012,664,290
ilknkrmn,4086,2010-2011,584,299
ilknkrmn,572,2019-2020,62,43
ilknkrmn,348,2020-2021,29,6
ilknkrmn,70,2015-2016,15,6
ilknkrmn,382,2013-2014,42,4
ilknkrmn,1093,2018-2019,137,60
JordyMac52,1815,2017-2018,209,137
JordyMac52,4209,2014-2015,524,237
JordyMac52,855,2016-2017,103,53
JordyMac52,4039,2019-2020,516,283
JordyMac52,3969,2020-2021,505,266
JordyMac52,1547,2015-2016,165,81
JordyMac52,6296,2013-2014,894,452
JordyMac52,2529,2018-2019,284,168
JusAnderson1,7766,2016-2017,777,446
JusAnderson1,7397,2017-2018,815,393
JusAnderson1,3124,2018-2019,337,154
JusAnderson1,7190,2019-2020,855,503
JusAnderson1,3364,2020-2021,416,210
youngwhiteside,1287,2017-2018,180,113
youngwhiteside,4897,2014-2015,427,202
youngwhiteside,5086,2012-2013,467,160
youngwhiteside,2252,2016-2017,242,121
youngwhiteside,13315,2011-2012,1202,571
youngwhiteside,151,2019-2020,16,12
youngwhiteside,32,2020-2021,5,4
youngwhiteside,3521,2015-2016,371,100
youngwhiteside,2569,2013-2014,194,86
youngwhiteside,120,2018-2019,13,11
masonplumlee,308,2017-2018,29,20
masonplumlee,778,2014-2015,80,49
masonplumlee,5471,2012-2013,700,470
masonplumlee,223,2016-2017,23,13
masonplumlee,228,2011-2012,36,21
masonplumlee,800,2019-2020,68,30
masonplumlee,271,2020-2021,17,13
masonplumlee,177,2015-2016,21,16
masonplumlee,3961,2013-2014,465,290
masonplumlee,151,2018-2019,22,14
Lanky_Smoove,458,2017-2018,45,16
Lanky_Smoove,79,2014-2015,5,4
Lanky_Smoove,18,2012-2013,1,1
Lanky_Smoove,708,2016-2017,84,41
Lanky_Smoove,344,2019-2020,31,22
Lanky_Smoove,179,2020-2021,19,5
Lanky_Smoove,228,2015-2016,20,16
Lanky_Smoove,79,2013-2014,6,5
Lanky_Smoove,110,2018-2019,12,7
shaiglalex,1099,2017-2018,91,70
shaiglalex,660,2014-2015,45,39
shaiglalex,4458,2016-2017,318,297
shaiglalex,1862,2019-2020,169,133
shaiglalex,706,2020-2021,54,50
shaiglalex,3257,2015-2016,266,230
shaiglalex,1042,2018-2019,102,66
NateWolters,389,2017-2018,32,17
NateWolters,492,2014-2015,40,20
NateWolters,3798,2012-2013,345,232
NateWolters,769,2016-2017,73,38
NateWolters,6911,2011-2012,640,431
NateWolters,1783,2010-2011,146,92
NateWolters,1447,2019-2020,114,78
NateWolters,800,2020-2021,78,62
NateWolters,642,2015-2016,49,27
NateWolters,2179,2013-2014,203,130
NateWolters,14,2018-2019,1,1
french_savage,4500,2017-2018,399,288
french_savage,8079,2014-2015,924,435
french_savage,4871,2016-2017,475,302
french_savage,2351,2019-2020,292,195
french_savage,842,2020-2021,69,58
french_savage,7450,2015-2016,651,424
french_savage,3151,2018-2019,314,161
nikoradicevic,582,2016-2017,50,37
nikoradicevic,102,2017-2018,12,10
nikoradicevic,129,2018-2019,12,9
nikoradicevic,208,2019-2020,20,20
nikoradicevic,152,2020-2021,11,10
Justin__41,563,2017-2018,55,37
Justin__41,1235,2014-2015,142,75
Justin__41,3908,2012-2013,465,238
Justin__41,1106,2016-2017,116,86
Justin__41,467,2011-2012,64,25
Justin__41,1264,2010-2011,226,57
Justin__41,464,2019-2020,47,34
Justin__41,106,2020-2021,23,16
Justin__41,392,2009-2010,67,10
Justin__41,866,2015-2016,74,59
Justin__41,2859,2013-2014,380,147
Justin__41,713,2018-2019,69,47
elfrid,858,2017-2018,179,83
elfrid,1426,2014-2015,197,88
elfrid,6113,2012-2013,1055,553
elfrid,1778,2016-2017,273,125
elfrid,1814,2019-2020,335,170
elfrid,803,2020-2021,213,122
elfrid,1485,2015-2016,236,115
elfrid,2890,2013-2014,503,271
elfrid,1004,2018-2019,209,104
timcabs,354,2017-2018,54,43
timcabs,935,2016-2017,88,76
timcabs,60,2019-2020,16,12
timcabs,135,2020-2021,17,14
timcabs,316,2015-2016,30,24
timcabs,169,2018-2019,36,24
MilesBridges,8531,2018-2019,1005,695
MilesBridges,10459,2019-2020,1373,883
MilesBridges,6778,2020-2021,802,556
D_Jay11,1532,2017-2018,176,78
D_Jay11,61,2012-2013,4,4
D_Jay11,1880,2016-2017,206,86
D_Jay11,116,2011-2012,13,6
D_Jay11,1339,2019-2020,151,87
D_Jay11,670,2020-2021,75,35
D_Jay11,194,2015-2016,16,10
D_Jay11,9,2013-2014,1,1
D_Jay11,1747,2018-2019,175,111
Fergskii,597,2019-2020,60,25
Fergskii,422,2020-2021,47,20
PeypeySiva3,14215,2019-2020,1322,1102
PeypeySiva3,16938,2020-2021,1878,1581
EkpeUdoh,7732,2018-2019,569,415
EkpeUdoh,17096,2019-2020,1430,1115
EkpeUdoh,13347,2020-2021,1201,918
petersalec,630,2017-2018,87,56
petersalec,2376,2014-2015,258,134
petersalec,10758,2012-2013,1315,648
petersalec,659,2016-2017,84,61
petersalec,880,2019-2020,72,45
petersalec,511,2020-2021,60,45
petersalec,645,2015-2016,83,56
petersalec,9417,2013-2014,1138,614
petersalec,859,2018-2019,103,72
Sviat_10,329,2017-2018,40,29
Sviat_10,508,2014-2015,56,44
Sviat_10,314,2016-2017,47,22
Sviat_10,273,2019-2020,58,32
Sviat_10,80,2020-2021,11,4
Sviat_10,674,2015-2016,88,47
Sviat_10,305,2018-2019,57,25
l8show_thegoat,601,2017-2018,60,30
l8show_thegoat,5739,2014-2015,636,321
l8show_thegoat,5914,2016-2017,627,289
l8show_thegoat,107,2019-2020,14,5
l8show_thegoat,156,2020-2021,17,10
l8show_thegoat,11878,2015-2016,1367,534
l8show_thegoat,3079,2013-2014,337,133
l8show_thegoat,198,2018-2019,21,4
semi,2330,2017-2018,227,127
semi,948,2014-2015,58,1
semi,1815,2012-2013,123,28
semi,1137,2016-2017,69,8
semi,9,2011-2012,1,1
semi,17,2010-2011,1,0
semi,120,2019-2020,11,7
semi,418,2020-2021,59,4
semi,2065,2013-2014,113,3
semi,19,2018-2019,3,2
qmillertime,10800,2017-2018,1708,967
qmillertime,4628,2018-2019,676,427
qmillertime,3873,2019-2020,615,402
qmillertime,812,2020-2021,116,81
AlecBrown21,79,2017-2018,6,6
AlecBrown21,518,2014-2015,36,21
AlecBrown21,729,2012-2013,80,46
AlecBrown21,118,2016-2017,12,10
AlecBrown21,4,2019-2020,1,1
AlecBrown21,299,2015-2016,24,20
AlecBrown21,366,2013-2014,25,15
kulboka98,527,2017-2018,49,37
kulboka98,79,2014-2015,8,4
kulboka98,445,2016-2017,53,28
kulboka98,293,2019-2020,31,20
kulboka98,33,2020-2021,9,6
kulboka98,800,2015-2016,97,56
kulboka98,167,2018-2019,14,13
CallMe_NonStop,4818,2017-2018,506,399
CallMe_NonStop,8058,2016-2017,863,627
CallMe_NonStop,2957,2019-2020,327,216
CallMe_NonStop,1206,2020-2021,136,81
CallMe_NonStop,7548,2015-2016,940,647
CallMe_NonStop,2009,2018-2019,256,167
DamienINGLIS,1367,2017-2018,132,0
DamienINGLIS,696,2014-2015,85,53
DamienINGLIS,3612,2012-2013,419,318
DamienINGLIS,1651,2016-2017,153,0
DamienINGLIS,6667,2011-2012,880,468
DamienINGLIS,1167,2019-2020,118,0
DamienINGLIS,598,2020-2021,63,0
DamienINGLIS,937,2015-2016,85,0
DamienINGLIS,3270,2013-2014,342,267
DamienINGLIS,1164,2018-2019,117,0
NikolaVucevic,2791,2017-2018,272,209
NikolaVucevic,2106,2014-2015,209,135
NikolaVucevic,3056,2016-2017,323,241
NikolaVucevic,1697,2019-2020,181,134
NikolaVucevic,1451,2020-2021,164,102
NikolaVucevic,3045,2015-2016,300,217
NikolaVucevic,1250,2013-2014,140,98
NikolaVucevic,2362,2018-2019,239,183
Jwilliams20,143,2017-2018,24,13
Jwilliams20,1511,2014-2015,170,101
Jwilliams20,892,2012-2013,121,58
Jwilliams20,455,2016-2017,49,24
Jwilliams20,6462,2011-2012,882,380
Jwilliams20,15,2020-2021,4,1
Jwilliams20,23,2015-2016,4,3
Jwilliams20,452,2013-2014,63,25
Jwilliams20,30,2018-2019,5,1
NdotSmitty,2133,2019-2020,232,161
NdotSmitty,2847,2020-2021,327,202
GudaitisAG,525,2017-2018,89,21
GudaitisAG,215,2016-2017,32,5
GudaitisAG,84,2019-2020,12,11
GudaitisAG,78,2020-2021,7,7
GudaitisAG,84,2015-2016,17,3
GudaitisAG,338,2018-2019,37,17
Trobinson0,4236,2017-2018,471,218
Trobinson0,3121,2014-2015,331,214
Trobinson0,1595,2012-2013,208,112
Trobinson0,1210,2016-2017,146,61
Trobinson0,4471,2019-2020,444,217
Trobinson0,2472,2020-2021,281,107
Trobinson0,1809,2015-2016,217,116
Trobinson0,7941,2013-2014,856,468
Trobinson0,2202,2018-2019,246,120
Khris22m,309,2017-2018,26,12
Khris22m,1172,2014-2015,133,70
Khris22m,3992,2012-2013,466,255
Khris22m,384,2016-2017,40,19
Khris22m,6144,2011-2012,797,475
Khris22m,5257,2010-2011,785,310
Khris22m,320,2019-2020,25,6
Khris22m,180,2020-2021,12,8
Khris22m,1083,2009-2010,161,58
Khris22m,495,2015-2016,62,30
Khris22m,1658,2013-2014,214,97
Khris22m,427,2018-2019,35,16
Marshon2,2470,2013-2014,362,178
Marshon2,4879,2011-2012,792,422
Marshon2,13431,2012-2013,1965,1004
Marshon2,225,2014-2015,31,22
JJacks_44,665,2017-2018,85,35
JJacks_44,966,2014-2015,106,50
JJacks_44,12781,2012-2013,1135,731
JJacks_44,1126,2016-2017,135,55
JJacks_44,1180,2019-2020,105,56
JJacks_44,462,2020-2021,57,27
JJacks_44,983,2015-2016,119,38
JJacks_44,4218,2013-2014,308,185
JJacks_44,1099,2018-2019,102,62
Money23Green,1069,2017-2018,81,40
Money23Green,7726,2014-2015,719,499
Money23Green,4873,2012-2013,494,354
Money23Green,1507,2016-2017,114,53
Money23Green,610,2019-2020,50,13
Money23Green,2700,2020-2021,234,51
Money23Green,7020,2015-2016,600,407
Money23Green,9429,2013-2014,853,584
Money23Green,626,2018-2019,55,17
mariohezonja,499,2018-2019,115,83
mariohezonja,13513,2019-2020,2514,1613
mariohezonja,3701,2020-2021,571,300
delonwright,1864,2017-2018,209,144
delonwright,875,2014-2015,152,92
delonwright,1796,2016-2017,237,153
delonwright,92,2019-2020,17,17
delonwright,2899,2015-2016,443,250
delonwright,119,2018-2019,12,10
QuincyAcy,4996,2017-2018,474,311
QuincyAcy,5839,2014-2015,577,268
QuincyAcy,5053,2016-2017,483,249
QuincyAcy,2720,2019-2020,202,145
QuincyAcy,1418,2020-2021,126,87
QuincyAcy,7718,2015-2016,850,390
QuincyAcy,1154,2013-2014,97,43
QuincyAcy,4433,2018-2019,373,214
TonySnell21_,69,2017-2018,5,2
TonySnell21_,234,2012-2013,25,10
TonySnell21_,73,2014-2015,5,2
TonySnell21_,56,2016-2017,7,2
TonySnell21_,15,2015-2016,2,2
TonySnell21_,73,2013-2014,6,4
Realbabbitt08,147,2013-2014,12,5
Realbabbitt08,335,2012-2013,32,4
Bruno_Caboclo,376,2017-2018,34,24
Bruno_Caboclo,801,2014-2015,84,37
Bruno_Caboclo,317,2016-2017,31,23
Bruno_Caboclo,896,2019-2020,73,65
Bruno_Caboclo,10,2020-2021,3,1
Bruno_Caboclo,823,2015-2016,92,35
Bruno_Caboclo,176,2013-2014,11,10
Bruno_Caboclo,1136,2018-2019,92,75
HGiiizzle,3031,2017-2018,322,192
HGiiizzle,2962,2014-2015,244,168
HGiiizzle,2196,2016-2017,240,118
HGiiizzle,3998,2019-2020,565,396
HGiiizzle,1605,2020-2021,197,131
HGiiizzle,9940,2015-2016,899,529
HGiiizzle,5547,2018-2019,693,451
rudygobert27,1815,2017-2018,228,71
rudygobert27,6188,2014-2015,640,287
rudygobert27,3413,2016-2017,361,141
rudygobert27,3214,2019-2020,385,198
rudygobert27,1988,2020-2021,275,127
rudygobert27,4906,2015-2016,500,192
rudygobert27,4772,2013-2014,639,381
rudygobert27,1317,2018-2019,172,50
Dreliggs34,223,2011-2012,26,4
Dreliggs34,26,2012-2013,3,0
Adreian_Payne,95,2017-2018,12,6
Adreian_Payne,1127,2014-2015,101,79
Adreian_Payne,3534,2012-2013,452,209
Adreian_Payne,59,2016-2017,6,3
Adreian_Payne,3638,2011-2012,508,215
Adreian_Payne,467,2019-2020,39,28
Adreian_Payne,178,2020-2021,17,4
Adreian_Payne,161,2015-2016,17,12
Adreian_Payne,3229,2013-2014,325,190
Adreian_Payne,262,2018-2019,22,9
jcraw55,6660,2017-2018,621,272
jcraw55,6956,2016-2017,630,268
jcraw55,7643,2019-2020,627,388
jcraw55,3942,2020-2021,325,230
jcraw55,2323,2015-2016,226,63
jcraw55,8985,2018-2019,752,412
DLamb20,2060,2016-2017,223,41
DLamb20,122,2017-2018,30,19
DLamb20,1,2018-2019,1,1
DLamb20,3193,2015-2016,321,30
BIGG_ZIMM,1872,2017-2018,212,135
BIGG_ZIMM,7797,2014-2015,1084,874
BIGG_ZIMM,2385,2016-2017,298,213
BIGG_ZIMM,1344,2019-2020,162,112
BIGG_ZIMM,847,2020-2021,83,59
BIGG_ZIMM,7992,2015-2016,1016,745
BIGG_ZIMM,2434,2018-2019,266,189
DBender03,320,2016-2017,26,22
DBender03,2093,2017-2018,290,203
DBender03,572,2018-2019,76,57
DBender03,255,2015-2016,16,15
isaacbonga,319,2016-2017,17,17
isaacbonga,128,2017-2018,12,11
isaacbonga,153,2018-2019,23,10
isaacbonga,79,2019-2020,10,4
isaacbonga,53,2020-2021,8,5
TerricoWhite5,128,2017-2018,21,20
TerricoWhite5,206,2014-2015,19,12
TerricoWhite5,1974,2012-2013,229,179
TerricoWhite5,152,2016-2017,19,14
TerricoWhite5,4027,2011-2012,405,294
TerricoWhite5,543,2019-2020,51,46
TerricoWhite5,111,2020-2021,14,12
TerricoWhite5,324,2015-2016,25,22
TerricoWhite5,248,2013-2014,21,18
TerricoWhite5,492,2018-2019,41,40
MartinJarell,107,2017-2018,15,1
MartinJarell,495,2014-2015,54,23
MartinJarell,116,2016-2017,15,12
MartinJarell,12,2019-2020,2,1
MartinJarell,55,2020-2021,3,3
MartinJarell,1068,2015-2016,104,41
MartinJarell,28,2018-2019,3,3
JLayman10,340,2017-2018,48,26
JLayman10,154,2014-2015,14,11
JLayman10,290,2012-2013,37,21
JLayman10,214,2016-2017,19,15
JLayman10,216,2011-2012,22,14
JLayman10,370,2019-2020,60,33
JLayman10,293,2020-2021,23,21
JLayman10,32,2015-2016,2,2
JLayman10,109,2013-2014,11,7
JLayman10,545,2018-2019,85,46
RODIONS1,1696,2017-2018,134,128
RODIONS1,921,2014-2015,140,94
RODIONS1,2203,2012-2013,344,108
RODIONS1,2110,2016-2017,192,181
RODIONS1,282,2011-2012,28,3
RODIONS1,729,2019-2020,58,55
RODIONS1,519,2020-2021,57,56
RODIONS1,1413,2015-2016,142,102
RODIONS1,6944,2013-2014,950,656
RODIONS1,3104,2018-2019,257,234
Kostas_ante13,424,2017-2018,47,43
Kostas_ante13,656,2014-2015,64,59
Kostas_ante13,385,2016-2017,40,35
Kostas_ante13,704,2019-2020,85,81
Kostas_ante13,67,2020-2021,9,6
Kostas_ante13,654,2015-2016,78,72
Kostas_ante13,645,2018-2019,74,64
MKG14,281,2017-2018,27,19
MKG14,1289,2014-2015,96,47
MKG14,2565,2012-2013,321,131
MKG14,563,2016-2017,46,17
MKG14,15119,2011-2012,1776,885
MKG14,3581,2010-2011,463,203
MKG14,117,2020-2021,18,10
MKG14,1459,2015-2016,138,78
MKG14,2152,2013-2014,244,114
swipathefox,1886,2017-2018,175,78
swipathefox,1544,2016-2017,143,65
swipathefox,1204,2019-2020,138,55
swipathefox,1037,2020-2021,102,36
swipathefox,839,2015-2016,76,43
swipathefox,1969,2018-2019,186,85
KMurph_55,1241,2017-2018,103,80
KMurph_55,786,2014-2015,75,57
KMurph_55,5036,2012-2013,481,326
KMurph_55,1370,2016-2017,106,86
KMurph_55,173,2015-2016,12,11
KMurph_55,2976,2013-2014,235,200
KMurph_55,847,2018-2019,82,67
Mbeasy5,4284,2017-2018,437,321
Mbeasy5,1168,2014-2015,147,67
Mbeasy5,9797,2016-2017,988,624
Mbeasy5,583,2019-2020,49,38
Mbeasy5,876,2020-2021,122,95
Mbeasy5,12675,2015-2016,1275,593
Mbeasy5,1660,2018-2019,143,114
NerlensNoel3,84,2017-2018,10,5
NerlensNoel3,1390,2014-2015,121,74
NerlensNoel3,7039,2012-2013,808,551
NerlensNoel3,283,2016-2017,36,22
NerlensNoel3,13065,2011-2012,1877,1174
NerlensNoel3,94,2019-2020,10,10
NerlensNoel3,56,2020-2021,4,2
NerlensNoel3,663,2015-2016,86,30
NerlensNoel3,1871,2013-2014,164,90
NerlensNoel3,31,2018-2019,3,2
dariusmorris4,3655,2012-2013,333,174
dariusmorris4,2495,2014-2015,243,90
dariusmorris4,3969,2011-2012,350,147
dariusmorris4,6331,2010-2011,438,172
dariusmorris4,68,2009-2010,8,2
dariusmorris4,937,2015-2016,92,30
dariusmorris4,1108,2013-2014,103,53
StephensonLance,269,2017-2018,37,23
StephensonLance,556,2014-2015,59,34
StephensonLance,2757,2012-2013,434,223
StephensonLance,245,2016-2017,31,26
StephensonLance,14263,2011-2012,2355,1326
StephensonLance,266,2019-2020,47,22
StephensonLance,77,2020-2021,13,2
StephensonLance,226,2015-2016,27,16
StephensonLance,1422,2013-2014,158,123
StephensonLance,92,2018-2019,13,8
jalenbrunson1,914,2017-2018,113,65
jalenbrunson1,9304,2014-2015,928,676
jalenbrunson1,1101,2016-2017,131,67
jalenbrunson1,3370,2019-2020,525,272
jalenbrunson1,1003,2020-2021,174,84
jalenbrunson1,2634,2015-2016,281,177
jalenbrunson1,7187,2013-2014,765,513
jalenbrunson1,926,2018-2019,124,72
Giannis_An34,2179,2017-2018,189,145
Giannis_An34,1532,2014-2015,187,91
Giannis_An34,977,2016-2017,105,73
Giannis_An34,1770,2019-2020,180,115
Giannis_An34,969,2020-2021,142,27
Giannis_An34,777,2015-2016,96,55
Giannis_An34,1969,2013-2014,205,115
Giannis_An34,2592,2018-2019,245,177
isaiahwhitehead,3042,2017-2018,459,239
isaiahwhitehead,1405,2014-2015,255,69
isaiahwhitehead,4454,2016-2017,615,283
isaiahwhitehead,1960,2019-2020,222,118
isaiahwhitehead,502,2020-2021,47,27
isaiahwhitehead,4596,2015-2016,539,188
isaiahwhitehead,2847,2018-2019,387,209
ToBrad1,965,2017-2018,120,101
ToBrad1,1063,2014-2015,105,73
ToBrad1,984,2016-2017,137,104
ToBrad1,1278,2019-2020,128,108
ToBrad1,337,2020-2021,44,39
ToBrad1,3655,2015-2016,364,265
ToBrad1,1458,2013-2014,145,68
ToBrad1,994,2018-2019,117,101
imanshumpert,6585,2017-2018,612,440
imanshumpert,11428,2018-2019,945,679
imanshumpert,13040,2019-2020,1108,871
imanshumpert,5257,2020-2021,432,324
CmoHutchison,3468,2016-2017,328,225
CmoHutchison,3248,2017-2018,319,220
CmoHutchison,819,2018-2019,96,71
CmoHutchison,858,2019-2020,73,57
CmoHutchison,89,2020-2021,13,5
AhmadMonk,55,2017-2018,8,7
AhmadMonk,717,2018-2019,82,65
AhmadMonk,430,2019-2020,61,39
AhmadMonk,543,2020-2021,60,50
taureanprince,4503,2016-2017,611,236
taureanprince,9065,2017-2018,1134,432
taureanprince,4263,2018-2019,475,233
taureanprince,5959,2019-2020,628,258
taureanprince,2626,2020-2021,294,124
AnzejsP,114,2017-2018,17,8
AnzejsP,308,2014-2015,38,31
AnzejsP,193,2016-2017,25,11
AnzejsP,1,2019-2020,2,1
AnzejsP,330,2015-2016,37,26
AnzejsP,20,2018-2019,1,1
Diamond_Stone33,1650,2017-2018,209,134
Diamond_Stone33,4896,2014-2015,633,340
Diamond_Stone33,2800,2016-2017,358,299
Diamond_Stone33,665,2019-2020,105,54
Diamond_Stone33,1661,2020-2021,302,127
Diamond_Stone33,9700,2015-2016,1404,869
Diamond_Stone33,432,2018-2019,73,42
Original_Turner,4869,2017-2018,445,266
Original_Turner,8471,2016-2017,850,448
Original_Turner,6323,2019-2020,573,327
Original_Turner,3731,2020-2021,310,197
Original_Turner,6333,2015-2016,601,345
Original_Turner,4525,2018-2019,393,227
Dame_Lillard,21952,2019-2020,1886,1441
Dame_Lillard,13091,2020-2021,1265,624
C_SING31,6023,2016-2017,783,265
C_SING31,2055,2017-2018,245,93
C_SING31,7935,2018-2019,944,351
C_SING31,8219,2019-2020,845,554
C_SING31,3449,2020-2021,352,293
G_P_06,76,2013-2014,6,1
G_P_06,24,2016-2017,9,1
G_P_06,31,2015-2016,5,0
dfavors14,209,2017-2018,52,14
dfavors14,1102,2014-2015,146,71
dfavors14,755,2012-2013,92,61
dfavors14,317,2016-2017,56,26
dfavors14,1939,2011-2012,233,104
dfavors14,195,2010-2011,24,8
dfavors14,431,2019-2020,85,17
dfavors14,143,2020-2021,35,7
dfavors14,1042,2015-2016,116,69
dfavors14,488,2013-2014,62,39
dfavors14,573,2018-2019,81,25
thats_G_,799,2017-2018,120,84
thats_G_,6108,2014-2015,810,544
thats_G_,2326,2012-2013,355,263
thats_G_,1006,2016-2017,168,98
thats_G_,684,2019-2020,93,64
thats_G_,237,2020-2021,27,26
thats_G_,3168,2015-2016,414,243
thats_G_,4666,2013-2014,628,496
thats_G_,182,2018-2019,26,21
melvinjrrr,5,2016-2017,1,1
melvinjrrr,4686,2018-2019,554,265
melvinjrrr,4672,2019-2020,553,303
melvinjrrr,283,2020-2021,28,18
dariosaric,81,2016-2017,7,4
dariosaric,23,2017-2018,1,1
dariosaric,30,2018-2019,2,1
J_Rich1,3011,2017-2018,379,138
J_Rich1,7818,2016-2017,995,234
J_Rich1,4061,2019-2020,526,205
J_Rich1,3896,2020-2021,505,163
J_Rich1,3512,2015-2016,443,94
J_Rich1,3084,2018-2019,352,132
J1Flight,221,2017-2018,17,14
J1Flight,1600,2014-2015,154,88
J1Flight,62,2012-2013,4,2
J1Flight,369,2016-2017,57,26
J1Flight,86,2011-2012,5,5
J1Flight,2414,2019-2020,281,48
J1Flight,4155,2020-2021,488,88
J1Flight,2200,2015-2016,257,128
J1Flight,213,2013-2014,21,8
J1Flight,1763,2018-2019,193,32
ShowtimeMr1,570,2017-2018,77,56
ShowtimeMr1,3061,2014-2015,356,246
ShowtimeMr1,7370,2012-2013,907,547
ShowtimeMr1,1323,2016-2017,158,91
ShowtimeMr1,611,2019-2020,61,49
ShowtimeMr1,344,2020-2021,45,35
ShowtimeMr1,777,2015-2016,98,56
ShowtimeMr1,11387,2013-2014,1299,824
ShowtimeMr1,405,2018-2019,54,47
YoungIvee,3073,2017-2018,352,205
YoungIvee,6473,2014-2015,687,482
YoungIvee,2196,2016-2017,253,107
YoungIvee,5688,2019-2020,589,419
YoungIvee,1037,2020-2021,134,80
YoungIvee,6012,2015-2016,710,404
YoungIvee,3636,2018-2019,403,272
Tone10Carr,1823,2017-2018,207,101
Tone10Carr,9979,2014-2015,1507,842
Tone10Carr,2558,2016-2017,309,164
Tone10Carr,476,2019-2020,49,30
Tone10Carr,2972,2020-2021,286,169
Tone10Carr,3229,2015-2016,453,223
Tone10Carr,122,2018-2019,11,6
OneBigHaitian,87,2017-2018,11,4
OneBigHaitian,11354,2014-2015,1409,808
OneBigHaitian,3828,2012-2013,433,334
OneBigHaitian,380,2016-2017,69,32
OneBigHaitian,1133,2011-2012,120,79
OneBigHaitian,192,2019-2020,13,4
OneBigHaitian,337,2020-2021,23,2
OneBigHaitian,935,2015-2016,123,44
OneBigHaitian,4580,2013-2014,474,333
OneBigHaitian,186,2018-2019,11,7
fearthefro95,1068,2017-2018,91,71
fearthefro95,1606,2014-2015,167,88
fearthefro95,13177,2012-2013,1947,604
fearthefro95,1986,2016-2017,179,142
fearthefro95,518,2019-2020,51,38
fearthefro95,627,2020-2021,62,44
fearthefro95,2490,2015-2016,219,163
fearthefro95,2983,2013-2014,391,148
fearthefro95,364,2018-2019,25,21
dekker,17257,2020-2021,1657,780
JanVesely24,350,2017-2018,49,2
JanVesely24,356,2014-2015,43,6
JanVesely24,392,2016-2017,65,10
JanVesely24,165,2019-2020,15,3
JanVesely24,1247,2015-2016,142,22
JanVesely24,174,2018-2019,25,3
Divincenzo,334,2019-2020,33,27
Divincenzo,579,2020-2021,76,55
RyanKelly34,532,2017-2018,56,23
RyanKelly34,21,2008-2009,3,0
RyanKelly34,1053,2014-2015,129,74
RyanKelly34,6611,2012-2013,697,465
RyanKelly34,531,2016-2017,47,13
RyanKelly34,7144,2011-2012,737,413
RyanKelly34,4673,2010-2011,452,272
RyanKelly34,514,2019-2020,42,23
RyanKelly34,341,2020-2021,31,16
RyanKelly34,693,2009-2010,70,8
RyanKelly34,299,2015-2016,28,18
RyanKelly34,2540,2013-2014,297,168
RyanKelly34,253,2018-2019,28,18
ROEOSBY24,80,2013-2014,4,4
ROEOSBY24,15,2012-2013,2,2
JValanciunas,317,2017-2018,34,11
JValanciunas,511,2014-2015,42,25
JValanciunas,538,2016-2017,41,26
JValanciunas,158,2020-2021,18,10
JValanciunas,718,2015-2016,68,50
JValanciunas,979,2013-2014,72,37
JValanciunas,23,2018-2019,2,2
JeramiGrant,92,2017-2018,9,9
JeramiGrant,1940,2014-2015,286,183
JeramiGrant,6077,2012-2013,741,475
JeramiGrant,840,2016-2017,129,24
JeramiGrant,8197,2011-2012,853,506
JeramiGrant,237,2019-2020,23,20
JeramiGrant,85,2020-2021,6,5
JeramiGrant,1834,2015-2016,360,118
JeramiGrant,3712,2013-2014,587,352
JeramiGrant,32,2018-2019,7,4
DmillerKY,7237,2017-2018,718,585
DmillerKY,4776,2018-2019,457,362
DmillerKY,13262,2019-2020,1085,937
DmillerKY,12717,2020-2021,922,822
RealDealBeal23,73,2019-2020,5,4
RealDealBeal23,7374,2020-2021,912,408
AlecBurks10,24,2017-2018,5,5
AlecBurks10,13,2012-2013,2,1
AlecBurks10,63,2014-2015,11,6
AlecBurks10,68,2016-2017,8,2
AlecBurks10,73,2015-2016,9,4
AlecBurks10,77,2013-2014,11,5
joshhart,753,2016-2017,71,31
joshhart,6086,2017-2018,703,276
joshhart,6414,2018-2019,749,271
joshhart,7615,2019-2020,868,265
joshhart,6280,2020-2021,809,214
ewill901,1257,2012-2013,145,77
ewill901,1839,2014-2015,186,123
ewill901,19,2016-2017,3,0
ewill901,11430,2011-2012,1426,824
ewill901,9387,2010-2011,1257,614
ewill901,743,2015-2016,69,47
ewill901,817,2013-2014,97,53
CJC9BOSS,1004,2017-2018,118,34
CJC9BOSS,2452,2014-2015,232,85
CJC9BOSS,8021,2012-2013,1040,575
CJC9BOSS,1418,2016-2017,142,69
CJC9BOSS,6468,2011-2012,656,421
CJC9BOSS,1885,2019-2020,223,38
CJC9BOSS,757,2020-2021,92,15
CJC9BOSS,2240,2015-2016,205,119
CJC9BOSS,2175,2013-2014,247,120
CJC9BOSS,1345,2018-2019,193,35
iMarkelBrown22,1506,2017-2018,173,105
iMarkelBrown22,3263,2014-2015,393,281
iMarkelBrown22,3696,2012-2013,596,335
iMarkelBrown22,670,2016-2017,74,46
iMarkelBrown22,468,2019-2020,52,44
iMarkelBrown22,216,2020-2021,23,20
iMarkelBrown22,1605,2015-2016,173,148
iMarkelBrown22,7877,2013-2014,1144,730
iMarkelBrown22,255,2018-2019,30,25
KONJames10,8414,2013-2014,708,245
KONJames10,27368,2012-2013,2225,1057
KONJames10,3199,2014-2015,248,129
KJMcDaniels,483,2017-2018,78,42
KJMcDaniels,458,2014-2015,62,27
KJMcDaniels,4959,2012-2013,818,282
KJMcDaniels,356,2016-2017,60,25
KJMcDaniels,2729,2011-2012,489,181
KJMcDaniels,247,2019-2020,40,19
KJMcDaniels,153,2020-2021,20,8
KJMcDaniels,673,2015-2016,88,42
KJMcDaniels,1371,2013-2014,221,103
KJMcDaniels,136,2018-2019,28,17
BruceBrown11,667,2017-2018,62,46
BruceBrown11,840,2014-2015,120,74
BruceBrown11,2029,2012-2013,364,217
BruceBrown11,947,2016-2017,86,72
BruceBrown11,5298,2011-2012,1322,602
BruceBrown11,18,2019-2020,2,2
BruceBrown11,34,2020-2021,3,3
BruceBrown11,1120,2015-2016,129,83
BruceBrown11,1481,2013-2014,218,146
BruceBrown11,471,2018-2019,57,47
vernon_macklin,1142,2017-2018,107,25
vernon_macklin,4156,2014-2015,448,184
vernon_macklin,13239,2012-2013,1163,552
vernon_macklin,2042,2016-2017,204,65
vernon_macklin,157,2019-2020,20,5
vernon_macklin,614,2020-2021,59,13
vernon_macklin,3412,2015-2016,370,103
vernon_macklin,7649,2013-2014,756,287
vernon_macklin,631,2018-2019,73,13
RealKITO,1402,2017-2018,107,99
RealKITO,2262,2014-2015,210,119
RealKITO,5448,2012-2013,713,292
RealKITO,1384,2016-2017,101,95
RealKITO,10371,2011-2012,1414,455
RealKITO,977,2019-2020,84,71
RealKITO,847,2020-2021,69,64
RealKITO,1287,2015-2016,104,93
RealKITO,2570,2013-2014,303,133
RealKITO,656,2018-2019,47,45
KembaWalker,176,2017-2018,13,9
KembaWalker,371,2014-2015,31,25
KembaWalker,641,2012-2013,57,34
KembaWalker,408,2016-2017,37,29
KembaWalker,4677,2011-2012,487,265
KembaWalker,3171,2010-2011,281,172
KembaWalker,63,2019-2020,9,3
KembaWalker,106,2020-2021,7,5
KembaWalker,312,2015-2016,34,26
KembaWalker,657,2013-2014,54,34
KembaWalker,570,2018-2019,34,19
IkePostrs_,232,2017-2018,21,16
IkePostrs_,1250,2018-2019,107,84
IkePostrs_,1756,2019-2020,137,111
IkePostrs_,720,2020-2021,52,49
NigelWG5,5149,2016-2017,422,234
NigelWG5,6547,2017-2018,549,321
NigelWG5,2240,2018-2019,193,137
NigelWG5,5543,2019-2020,472,324
NigelWG5,2488,2020-2021,237,162
SDinwiddie_25,9,2018-2019,1,1
SDinwiddie_25,25869,2019-2020,2288,1384
SDinwiddie_25,9046,2020-2021,911,542
chinanu_onuaku,47,2017-2018,7,5
JeremyEvans40,226,2017-2018,22,16
JeremyEvans40,290,2014-2015,26,9
JeremyEvans40,70,2012-2013,6,3
JeremyEvans40,336,2016-2017,35,21
JeremyEvans40,681,2011-2012,37,23
JeremyEvans40,413,2019-2020,46,32
JeremyEvans40,144,2020-2021,13,7
JeremyEvans40,356,2015-2016,38,21
JeremyEvans40,208,2013-2014,20,10
JeremyEvans40,249,2018-2019,30,23
JVando,2092,2017-2018,241,135
JVando,1601,2014-2015,167,109
JVando,9661,2016-2017,1162,746
JVando,2414,2019-2020,284,164
JVando,1676,2020-2021,190,110
JVando,4972,2015-2016,652,409
JVando,1831,2018-2019,220,130
R_Xmas25,1791,2017-2018,249,116
R_Xmas25,7233,2012-2013,876,452
R_Xmas25,2936,2014-2015,282,162
R_Xmas25,3812,2016-2017,583,216
R_Xmas25,3101,2015-2016,424,131
R_Xmas25,5690,2013-2014,700,407
lonniewalker_4,13642,2016-2017,1472,1041
lonniewalker_4,5237,2017-2018,462,316
lonniewalker_4,4520,2018-2019,378,263
lonniewalker_4,6025,2019-2020,519,313
lonniewalker_4,2430,2020-2021,232,132
KyrieIrving,244,2017-2018,20,12
KyrieIrving,1298,2014-2015,123,98
KyrieIrving,8239,2012-2013,946,589
KyrieIrving,405,2016-2017,34,23
KyrieIrving,10131,2011-2012,1204,688
KyrieIrving,5,2020-2021,5,0
KyrieIrving,1139,2015-2016,116,47
KyrieIrving,6918,2013-2014,710,461
KyrieIrving,142,2018-2019,9,5
CJMcCollum,7790,2018-2019,981,413
CJMcCollum,10366,2019-2020,1110,520
CJMcCollum,10923,2020-2021,1109,487
SiP03,2726,2017-2018,318,143
SiP03,6065,2014-2015,734,303
SiP03,1916,2016-2017,240,103
SiP03,1602,2019-2020,165,108
SiP03,2087,2020-2021,180,130
SiP03,2784,2015-2016,336,161
SiP03,7905,2013-2014,1003,491
SiP03,1808,2018-2019,224,105
jaytatum0,2392,2017-2018,298,176
jaytatum0,3868,2016-2017,548,300
jaytatum0,2389,2019-2020,315,139
jaytatum0,968,2020-2021,110,49
jaytatum0,16359,2015-2016,1645,1032
jaytatum0,1006,2018-2019,163,55
landryshamet,3615,2017-2018,348,231
landryshamet,15230,2014-2015,1761,645
landryshamet,1589,2016-2017,175,116
landryshamet,616,2019-2020,37,27
landryshamet,190,2020-2021,24,8
landryshamet,4516,2015-2016,496,211
landryshamet,343,2013-2014,48,25
landryshamet,2469,2018-2019,200,117
GraysonJAllen,1227,2017-2018,124,89
GraysonJAllen,2648,2014-2015,226,89
GraysonJAllen,1108,2012-2013,114,16
GraysonJAllen,2973,2016-2017,296,105
GraysonJAllen,2840,2019-2020,418,270
GraysonJAllen,781,2020-2021,112,83
GraysonJAllen,2012,2015-2016,199,87
GraysonJAllen,14631,2013-2014,1590,618
GraysonJAllen,979,2018-2019,95,70
MarkelleF,14633,2016-2017,1309,1181
MarkelleF,7338,2017-2018,705,639
MarkelleF,2931,2018-2019,261,234
MarkelleF,5612,2019-2020,474,432
MarkelleF,3545,2020-2021,355,323
_bigjayy_,1162,2017-2018,141,78
_bigjayy_,984,2014-2015,108,73
_bigjayy_,576,2016-2017,63,42
_bigjayy_,544,2019-2020,58,34
_bigjayy_,716,2020-2021,88,73
_bigjayy_,967,2015-2016,92,56
_bigjayy_,931,2013-2014,103,41
_bigjayy_,1264,2018-2019,141,92
TerrenceRoss,1206,2017-2018,137,58
TerrenceRoss,548,2014-2015,46,29
TerrenceRoss,6201,2012-2013,643,357
TerrenceRoss,402,2016-2017,32,30
TerrenceRoss,7049,2011-2012,980,511
TerrenceRoss,1947,2019-2020,257,166
TerrenceRoss,5293,2020-2021,650,396
TerrenceRoss,285,2015-2016,25,19
TerrenceRoss,2496,2013-2014,239,142
TerrenceRoss,1419,2018-2019,151,116
Ipjh55,107,2017-2018,8,8
Ipjh55,469,2016-2017,31,24
Ipjh55,155,2019-2020,19,18
Ipjh55,104,2020-2021,14,12
Ipjh55,441,2015-2016,29,20
Ipjh55,92,2018-2019,7,7
kherv_25,1401,2016-2017,131,99
kherv_25,5426,2017-2018,500,365
kherv_25,5578,2018-2019,554,393
kherv_25,3063,2019-2020,364,207
kherv_25,875,2020-2021,124,66
kporzee,1501,2017-2018,173,74
kporzee,3012,2014-2015,304,154
kporzee,623,2012-2013,75,48
kporzee,1548,2016-2017,190,111
kporzee,1634,2011-2012,181,68
kporzee,364,2010-2011,41,6
kporzee,262,2019-2020,32,24
kporzee,222,2020-2021,28,12
kporzee,3107,2015-2016,354,176
kporzee,1606,2013-2014,195,136
kporzee,337,2018-2019,30,19
kylekuzma,7273,2017-2018,833,357
kylekuzma,9980,2016-2017,1152,507
kylekuzma,3568,2019-2020,449,154
kylekuzma,1765,2020-2021,203,45
kylekuzma,1,2015-2016,1,0
kylekuzma,4996,2018-2019,562,240
DonatasMot,932,2017-2018,107,48
DonatasMot,2485,2014-2015,279,53
DonatasMot,4045,2012-2013,416,244
DonatasMot,2064,2016-2017,225,148
DonatasMot,397,2019-2020,28,8
DonatasMot,517,2020-2021,33,30
DonatasMot,2067,2015-2016,226,119
DonatasMot,1797,2013-2014,189,99
DonatasMot,674,2018-2019,58,27
Devonte4Graham,1456,2017-2018,153,92
Devonte4Graham,6398,2018-2019,630,429
Devonte4Graham,4088,2019-2020,429,319
Devonte4Graham,708,2020-2021,84,56
H55ndiaye,267,2017-2018,24,10
H55ndiaye,311,2014-2015,21,1
H55ndiaye,3349,2012-2013,293,147
H55ndiaye,90,2016-2017,6,1
H55ndiaye,9014,2011-2012,754,411
H55ndiaye,7742,2010-2011,803,368
H55ndiaye,104,2019-2020,7,1
H55ndiaye,2545,2009-2010,246,92
H55ndiaye,159,2015-2016,10,3
H55ndiaye,397,2013-2014,32,3
H55ndiaye,87,2018-2019,9,3
Avery0Bradley,205,2016-2017,22,20
Avery0Bradley,6,2017-2018,3,1
Avery0Bradley,234,2015-2016,24,9
Avery0Bradley,11,2019-2020,3,3
Avery0Bradley,8,2020-2021,2,2
ShaneLarkin_3,1033,2017-2018,112,59
ShaneLarkin_3,3530,2014-2015,431,280
ShaneLarkin_3,1367,2016-2017,160,94
ShaneLarkin_3,1577,2019-2020,148,103
ShaneLarkin_3,642,2020-2021,56,43
ShaneLarkin_3,3962,2015-2016,398,235
ShaneLarkin_3,872,2018-2019,93,66
JoelEmbiid,1476,2017-2018,184,41
JoelEmbiid,563,2018-2019,67,20
JoelEmbiid,510,2019-2020,56,9
JoelEmbiid,746,2020-2021,73,35
OttoPorter,533,2012-2013,687,20
JordanClarksons,2078,2017-2018,311,157
JordanClarksons,1586,2014-2015,136,110
JordanClarksons,5694,2012-2013,632,380
JordanClarksons,2940,2016-2017,395,220
JordanClarksons,1033,2011-2012,111,55
JordanClarksons,3080,2019-2020,395,203
JordanClarksons,1858,2020-2021,332,156
JordanClarksons,3307,2015-2016,389,226
JordanClarksons,2222,2013-2014,242,162
JordanClarksons,2153,2018-2019,257,113
ClutchREED_5,4192,2017-2018,415,168
ClutchREED_5,3984,2014-2015,499,134
ClutchREED_5,6850,2016-2017,817,299
ClutchREED_5,1944,2019-2020,233,127
ClutchREED_5,2502,2020-2021,253,178
ClutchREED_5,4360,2015-2016,522,191
ClutchREED_5,568,2013-2014,66,30
ClutchREED_5,2891,2018-2019,313,112
DevMarble,5751,2018-2019,647,548
DevMarble,13151,2019-2020,1540,1319
DevMarble,9991,2020-2021,1013,821
FrankLikina,754,2016-2017,78,57
FrankLikina,2088,2017-2018,230,177
FrankLikina,632,2018-2019,76,63
FrankLikina,959,2019-2020,111,87
FrankLikina,457,2020-2021,56,30
JustinPatton17,2337,2017-2018,265,129
JustinPatton17,4229,2014-2015,654,351
JustinPatton17,5214,2016-2017,598,346
JustinPatton17,1008,2019-2020,121,47
JustinPatton17,6663,2020-2021,656,460
JustinPatton17,4860,2015-2016,696,375
JustinPatton17,2168,2018-2019,184,81
JaronBgame,1652,2017-2018,160,116
JaronBgame,4560,2014-2015,455,238
JaronBgame,12529,2012-2013,1188,591
JaronBgame,2322,2016-2017,217,130
JaronBgame,1563,2019-2020,139,112
JaronBgame,1090,2020-2021,124,88
JaronBgame,3268,2015-2016,320,159
JaronBgame,3234,2013-2014,303,178
JaronBgame,1605,2018-2019,177,132
izaycordinier,117,2017-2018,19,13
izaycordinier,281,2016-2017,28,21
izaycordinier,222,2019-2020,31,30
izaycordinier,192,2020-2021,26,24
izaycordinier,151,2015-2016,12,11
izaycordinier,155,2018-2019,14,11
mikemuscala,2,2019-2020,1,0
mikemuscala,584,2020-2021,112,61
KingMe_DJ1,1545,2017-2018,142,99
KingMe_DJ1,2625,2014-2015,282,166
KingMe_DJ1,12429,2012-2013,1634,830
KingMe_DJ1,1574,2016-2017,160,81
KingMe_DJ1,338,2019-2020,32,24
KingMe_DJ1,616,2020-2021,54,45
KingMe_DJ1,1526,2015-2016,166,83
KingMe_DJ1,6531,2013-2014,702,375
KingMe_DJ1,247,2018-2019,23,18
KyleAnderson5,4473,2017-2018,488,252
KyleAnderson5,6354,2016-2017,767,300
KyleAnderson5,4551,2019-2020,499,260
KyleAnderson5,3288,2020-2021,382,204
KyleAnderson5,6217,2015-2016,633,410
KyleAnderson5,4050,2018-2019,431,214
FlyDre21,428,2017-2018,63,47
FlyDre21,1761,2014-2015,223,167
FlyDre21,11255,2012-2013,1648,1239
FlyDre21,1033,2016-2017,160,91
FlyDre21,1820,2019-2020,163,107
FlyDre21,1550,2020-2021,144,102
FlyDre21,1089,2015-2016,183,113
FlyDre21,3129,2013-2014,471,342
FlyDre21,893,2018-2019,70,48
1Tyus,3102,2017-2018,343,198
1Tyus,4581,2014-2015,411,275
1Tyus,3657,2016-2017,315,239
1Tyus,3104,2019-2020,372,197
1Tyus,1633,2020-2021,242,115
1Tyus,3592,2015-2016,318,204
1Tyus,10566,2013-2014,886,714
1Tyus,2169,2018-2019,268,150
_Iwundu25,2492,2017-2018,344,180
_Iwundu25,6823,2014-2015,896,411
_Iwundu25,2484,2016-2017,317,126
_Iwundu25,2814,2019-2020,321,201
_Iwundu25,956,2020-2021,107,73
_Iwundu25,3372,2015-2016,523,215
_Iwundu25,2258,2013-2014,277,103
_Iwundu25,2470,2018-2019,331,191
Petr_Cornelie,1090,2017-2018,97,66
Petr_Cornelie,1205,2014-2015,127,63
Petr_Cornelie,4252,2012-2013,571,219
Petr_Cornelie,340,2016-2017,50,40
Petr_Cornelie,207,2011-2012,33,12
Petr_Cornelie,198,2019-2020,15,15
Petr_Cornelie,122,2020-2021,9,8
Petr_Cornelie,361,2015-2016,42,37
Petr_Cornelie,4922,2013-2014,651,225
Petr_Cornelie,1540,2018-2019,127,104
nolimittb31,1161,2016-2017,160,81
nolimittb31,576,2017-2018,50,25
nolimittb31,420,2018-2019,34,19
nolimittb31,682,2019-2020,61,37
nolimittb31,69,2020-2021,8,8
FSKPart3,8589,2017-2018,937,667
FSKPart3,1423,2014-2015,144,100
FSKPart3,5764,2016-2017,544,203
FSKPart3,2329,2019-2020,215,145
FSKPart3,173,2020-2021,17,9
FSKPart3,6305,2015-2016,600,275
FSKPart3,6934,2018-2019,710,470
Dloading,482,2017-2018,40,36
Dloading,18,2012-2013,2,2
Dloading,15,2011-2012,1,1
Dloading,2504,2019-2020,237,211
Dloading,1007,2020-2021,106,86
Dloading,1,2015-2016,1,1
Dloading,35,2013-2014,2,1
Dloading,5836,2018-2019,511,459
AllenKadeem,70,2017-2018,11,9
AllenKadeem,304,2014-2015,57,36
AllenKadeem,727,2016-2017,83,60
AllenKadeem,82,2019-2020,8,1
AllenKadeem,14,2020-2021,2,2
AllenKadeem,1442,2015-2016,206,133
ThonMaker14,1891,2017-2018,169,127
ThonMaker14,922,2014-2015,82,18
ThonMaker14,1588,2016-2017,149,108
ThonMaker14,1788,2019-2020,152,118
ThonMaker14,1602,2020-2021,120,91
ThonMaker14,1415,2015-2016,118,58
ThonMaker14,2419,2018-2019,186,139
FCHWPO,2467,2017-2018,266,163
FCHWPO,4599,2014-2015,461,283
FCHWPO,1273,2012-2013,103,58
FCHWPO,3116,2016-2017,301,194
FCHWPO,326,2011-2012,26,16
FCHWPO,1536,2019-2020,153,59
FCHWPO,1747,2020-2021,114,77
FCHWPO,2911,2015-2016,264,172
FCHWPO,8749,2013-2014,999,404
FCHWPO,1529,2018-2019,171,87
pskills43,1324,2017-2018,181,117
pskills43,2690,2014-2015,274,86
pskills43,149,2012-2013,13,8
pskills43,2807,2016-2017,292,196
pskills43,787,2019-2020,112,36
pskills43,155,2020-2021,27,6
pskills43,1862,2015-2016,195,105
pskills43,2677,2013-2014,266,115
pskills43,1382,2018-2019,214,83
TreyBurke,550,2017-2018,53,42
TreyBurke,1199,2014-2015,116,54
TreyBurke,4724,2012-2013,471,318
TreyBurke,119,2016-2017,11,6
TreyBurke,11128,2011-2012,1217,676
TreyBurke,748,2019-2020,67,45
TreyBurke,27,2020-2021,4,3
TreyBurke,529,2015-2016,55,32
TreyBurke,4098,2013-2014,390,218
TreyBurke,422,2018-2019,31,25
TheTraeYoung,9619,2017-2018,999,442
TheTraeYoung,4722,2018-2019,665,154
TheTraeYoung,5344,2019-2020,780,189
TheTraeYoung,4007,2020-2021,756,150
daanteee,2130,2017-2018,253,251
daanteee,1105,2014-2015,100,61
daanteee,636,2012-2013,55,39
daanteee,91,2016-2017,7,3
daanteee,2220,2011-2012,216,147
daanteee,50,2010-2011,3,0
daanteee,602,2019-2020,45,27
daanteee,343,2015-2016,33,11
daanteee,1500,2013-2014,122,95
CoryJay34,11911,2019-2020,797,723
CoryJay34,29409,2020-2021,2302,2131
LeaderOfHorde,2215,2017-2018,267,201
LeaderOfHorde,2522,2014-2015,265,176
LeaderOfHorde,1810,2016-2017,210,145
LeaderOfHorde,1401,2019-2020,204,140
LeaderOfHorde,730,2020-2021,109,67
LeaderOfHorde,2650,2015-2016,307,193
LeaderOfHorde,1423,2013-2014,184,135
LeaderOfHorde,1287,2018-2019,172,115
kawhileonard,17,2014-2015,2,1
kawhileonard,24,2015-2016,2,1
buddyhield,2377,2016-2017,301,104
buddyhield,5287,2017-2018,642,267
buddyhield,5541,2018-2019,791,411
buddyhield,7132,2019-2020,1014,596
buddyhield,2796,2020-2021,452,206
35_Fitz,5394,2017-2018,620,258
35_Fitz,4379,2014-2015,511,234
35_Fitz,4044,2016-2017,466,179
35_Fitz,4378,2019-2020,403,214
35_Fitz,1132,2020-2021,85,52
35_Fitz,3247,2015-2016,395,156
35_Fitz,1371,2013-2014,137,85
35_Fitz,5094,2018-2019,583,167
Rich_Holmes22,2322,2017-2018,354,114
Rich_Holmes22,10040,2014-2015,1115,307
Rich_Holmes22,3983,2016-2017,426,166
Rich_Holmes22,3026,2019-2020,358,122
Rich_Holmes22,1022,2020-2021,148,68
Rich_Holmes22,4839,2015-2016,548,164
Rich_Holmes22,1838,2018-2019,251,75
WesJohnson4,42,2012-2013,6,0
WesJohnson4,16,2016-2017,1,1
WesJohnson4,143,2010-2011,16,0
WesJohnson4,56,2011-2012,7,2
WesJohnson4,616,2009-2010,66,0
WesJohnson4,84,2013-2014,9,2
bismackbiyombo,2200,2017-2018,181,65
bismackbiyombo,5182,2014-2015,399,96
bismackbiyombo,3030,2012-2013,280,133
bismackbiyombo,2305,2016-2017,193,71
bismackbiyombo,3430,2011-2012,364,163
bismackbiyombo,3949,2019-2020,400,105
bismackbiyombo,904,2020-2021,137,27
bismackbiyombo,2813,2015-2016,192,75
bismackbiyombo,6454,2013-2014,582,168
bismackbiyombo,2509,2018-2019,273,77
Yg_Trece,830,2017-2018,93,62
Yg_Trece,5176,2014-2015,575,318
Yg_Trece,9826,2012-2013,1066,747
Yg_Trece,1482,2016-2017,130,104
Yg_Trece,636,2019-2020,55,32
Yg_Trece,161,2020-2021,12,9
Yg_Trece,1794,2015-2016,176,108
Yg_Trece,9865,2013-2014,967,718
Yg_Trece,1168,2018-2019,90,64
Jared_Sully0,2666,2018-2019,274,177
Jared_Sully0,17893,2019-2020,1855,1302
Jared_Sully0,12087,2020-2021,1071,784
DeyontaDavis_04,469,2016-2017,70,59
DeyontaDavis_04,122,2017-2018,18,14
DeyontaDavis_04,9,2018-2019,2,2
DeyontaDavis_04,114,2015-2016,9,6
DeyontaDavis_04,220,2019-2020,25,25
RealKrisJo,1075,2017-2018,128,82
RealKrisJo,9583,2014-2015,1053,609
RealKrisJo,4905,2016-2017,560,329
RealKrisJo,3648,2019-2020,406,253
RealKrisJo,2975,2020-2021,312,212
RealKrisJo,4791,2015-2016,515,340
RealKrisJo,1183,2018-2019,145,90
Sin_City_803,4771,2018-2019,473,347
Sin_City_803,13340,2019-2020,1336,821
Sin_City_803,12977,2020-2021,1391,707
kazemiworld,66,2017-2018,5,4
kazemiworld,805,2014-2015,72,57
kazemiworld,3751,2012-2013,274,200
kazemiworld,257,2016-2017,25,21
kazemiworld,63,2011-2012,6,3
kazemiworld,5,2010-2011,1,1
kazemiworld,2,2019-2020,1,0
kazemiworld,226,2015-2016,23,21
kazemiworld,1623,2013-2014,149,105
DejounteMurray,541,2017-2018,48,24
DejounteMurray,8964,2014-2015,771,415
DejounteMurray,986,2016-2017,106,60
DejounteMurray,496,2019-2020,31,6
DejounteMurray,173,2020-2021,17,6
DejounteMurray,2695,2015-2016,253,167
DejounteMurray,627,2018-2019,46,16
JaJuanJohnson,1475,2017-2018,174,111
JaJuanJohnson,5312,2014-2015,802,463
JaJuanJohnson,925,2012-2013,167,106
JaJuanJohnson,1496,2016-2017,185,111
JaJuanJohnson,801,2019-2020,79,65
JaJuanJohnson,734,2020-2021,67,62
JaJuanJohnson,3772,2015-2016,546,313
JaJuanJohnson,5198,2013-2014,853,588
JaJuanJohnson,745,2018-2019,82,68
Keefmorris,850,2017-2018,76,62
Keefmorris,616,2014-2015,79,44
Keefmorris,2022,2012-2013,259,117
Keefmorris,821,2016-2017,96,64
Keefmorris,8651,2011-2012,1097,601
Keefmorris,8434,2010-2011,1042,663
Keefmorris,1196,2019-2020,88,75
Keefmorris,454,2020-2021,35,24
Keefmorris,1023,2015-2016,120,70
Keefmorris,1518,2013-2014,220,94
Keefmorris,1056,2018-2019,88,77
CapelaClint,1521,2017-2018,214,83
CapelaClint,641,2014-2015,50,43
CapelaClint,1437,2016-2017,185,75
CapelaClint,893,2019-2020,114,23
CapelaClint,200,2020-2021,41,6
CapelaClint,373,2015-2016,27,15
CapelaClint,2788,2013-2014,252,203
CapelaClint,422,2018-2019,63,17
jordanadams1231,7435,2016-2017,860,237
jordanadams1231,406,2017-2018,58,26
jordanadams1231,4634,2014-2015,578,314
jordanadams1231,12912,2013-2014,1314,779
jordanadams1231,2483,2015-2016,342,120
ShelvinMack,2239,2017-2018,308,155
ShelvinMack,2633,2014-2015,398,166
ShelvinMack,2338,2012-2013,434,171
ShelvinMack,2429,2016-2017,318,144
ShelvinMack,1721,2019-2020,185,133
ShelvinMack,842,2020-2021,131,94
ShelvinMack,2453,2015-2016,329,154
ShelvinMack,4505,2013-2014,822,346
ShelvinMack,2097,2018-2019,245,135
ETwaun55,1001,2017-2018,103,67
ETwaun55,881,2014-2015,81,61
ETwaun55,844,2012-2013,72,53
ETwaun55,1063,2016-2017,98,86
ETwaun55,1779,2011-2012,165,112
ETwaun55,169,2010-2011,13,10
ETwaun55,724,2019-2020,74,38
ETwaun55,583,2020-2021,54,45
ETwaun55,571,2015-2016,56,43
ETwaun55,1098,2013-2014,91,82
ETwaun55,1151,2018-2019,117,62
janis_timma,1046,2017-2018,102,80
janis_timma,2433,2014-2015,270,216
janis_timma,1071,2016-2017,104,90
janis_timma,4,2019-2020,1,1
janis_timma,2021,2015-2016,215,170
janis_timma,191,2018-2019,21,15
willyhg94,4680,2017-2018,509,313
willyhg94,8538,2014-2015,591,472
willyhg94,5670,2016-2017,567,402
willyhg94,3072,2019-2020,444,248
willyhg94,808,2020-2021,209,107
willyhg94,7228,2015-2016,584,384
willyhg94,2578,2018-2019,296,234
CarisLeVert,1037,2017-2018,117,88
CarisLeVert,943,2014-2015,87,68
CarisLeVert,1532,2016-2017,165,126
CarisLeVert,146,2019-2020,12,8
CarisLeVert,26,2020-2021,3,3
CarisLeVert,696,2015-2016,62,50
CarisLeVert,139,2013-2014,17,13
CarisLeVert,188,2018-2019,20,17
mitchmcgary,108,2017-2018,7,6
mitchmcgary,11611,2014-2015,1331,803
mitchmcgary,2293,2016-2017,208,127
mitchmcgary,7035,2015-2016,726,510
mitchmcgary,4996,2013-2014,669,388
mitchmcgary,7,2018-2019,1,1
TomislavZubcic7,345,2017-2018,32,27
TomislavZubcic7,571,2014-2015,58,48
TomislavZubcic7,600,2012-2013,85,44
TomislavZubcic7,1029,2016-2017,98,93
TomislavZubcic7,74,2011-2012,13,7
TomislavZubcic7,79,2019-2020,9,6
TomislavZubcic7,84,2020-2021,13,7
TomislavZubcic7,1218,2015-2016,125,100
TomislavZubcic7,606,2013-2014,64,49
TomislavZubcic7,189,2018-2019,19,15
wholeteamDot,4107,2017-2018,492,342
wholeteamDot,7187,2016-2017,655,521
wholeteamDot,3140,2019-2020,389,246
wholeteamDot,4379,2020-2021,552,286
wholeteamDot,4229,2015-2016,452,326
wholeteamDot,4270,2018-2019,587,371
danielorton21,4752,2011-2012,426,230
danielorton21,972,2012-2013,106,55
danielorton21,354,2020-2021,46,23
tyshawntaylor,3975,2017-2018,390,130
tyshawntaylor,7824,2016-2017,867,293
tyshawntaylor,5102,2019-2020,586,197
tyshawntaylor,2092,2020-2021,225,97
tyshawntaylor,5201,2015-2016,628,183
tyshawntaylor,4538,2018-2019,478,202
1JOLOLO,496,2017-2018,45,23
1JOLOLO,3925,2014-2015,385,275
1JOLOLO,8110,2012-2013,842,680
1JOLOLO,1105,2016-2017,108,44
1JOLOLO,4249,2011-2012,372,187
1JOLOLO,1055,2010-2011,91,45
1JOLOLO,499,2019-2020,47,33
1JOLOLO,1283,2020-2021,95,78
1JOLOLO,1801,2015-2016,175,106
1JOLOLO,6169,2013-2014,636,517
1JOLOLO,748,2018-2019,76,42
Cory_Joe,601,2017-2018,64,24
Cory_Joe,529,2014-2015,59,14
Cory_Joe,2460,2012-2013,248,164
Cory_Joe,554,2016-2017,48,26
Cory_Joe,2026,2011-2012,203,114
Cory_Joe,243,2010-2011,21,10
Cory_Joe,67,2019-2020,7,6
Cory_Joe,9,2020-2021,1,1
Cory_Joe,354,2015-2016,32,15
Cory_Joe,1473,2013-2014,120,100
Cory_Joe,258,2018-2019,26,9
dougmcdermott,368,2017-2018,35,29
dougmcdermott,1279,2014-2015,128,89
dougmcdermott,8085,2012-2013,891,562
dougmcdermott,740,2016-2017,77,64
dougmcdermott,9636,2011-2012,1144,692
dougmcdermott,447,2010-2011,51,33
dougmcdermott,408,2019-2020,34,31
dougmcdermott,71,2020-2021,5,4
dougmcdermott,980,2015-2016,86,65
dougmcdermott,5789,2013-2014,688,514
dougmcdermott,348,2018-2019,27,27
AJALLDAY1,39,2017-2018,4,2
AJALLDAY1,254,2014-2015,24,19
AJALLDAY1,494,2012-2013,42,23
AJALLDAY1,176,2016-2017,12,10
AJALLDAY1,3679,2011-2012,309,135
AJALLDAY1,2180,2010-2011,199,104
AJALLDAY1,77,2019-2020,9,1
AJALLDAY1,266,2020-2021,20,14
AJALLDAY1,167,2015-2016,11,10
AJALLDAY1,377,2013-2014,32,24
AJALLDAY1,361,2018-2019,28,21
isaiahthomas,10900,2019-2020,1393,608
isaiahthomas,13777,2020-2021,1807,711
hbarnes,1940,2017-2018,177,90
hbarnes,5210,2014-2015,618,465
hbarnes,350,2012-2013,37,27
hbarnes,1449,2016-2017,181,107
hbarnes,1993,2019-2020,150,110
hbarnes,3213,2020-2021,211,166
hbarnes,4104,2015-2016,558,370
hbarnes,11209,2013-2014,1152,734
hbarnes,1597,2018-2019,116,88
tulis3,620,2017-2018,63,40
tulis3,3087,2014-2015,455,245
tulis3,2181,2016-2017,297,142
tulis3,1340,2019-2020,112,90
tulis3,777,2020-2021,82,63
tulis3,2843,2015-2016,377,196
tulis3,14237,2013-2014,1725,1193
tulis3,189,2018-2019,13,11
AbdelNader2,70,2017-2018,10,6
AbdelNader2,192,2014-2015,33,21
AbdelNader2,387,2016-2017,51,33
AbdelNader2,763,2019-2020,86,37
AbdelNader2,101,2020-2021,14,11
AbdelNader2,1680,2015-2016,234,144
AbdelNader2,2,2018-2019,1,1
bosnianbeast27,5540,2018-2019,637,373
bosnianbeast27,7715,2019-2020,977,553
bosnianbeast27,7684,2020-2021,776,553
Johnhenson31,291,2016-2017,41,23
Johnhenson31,360,2017-2018,51,29
Johnhenson31,2514,2018-2019,361,162
Johnhenson31,1182,2019-2020,183,79
Johnhenson31,306,2020-2021,39,16
EnesKanter,25180,2019-2020,1957,1378
EnesKanter,16113,2020-2021,1243,896
Chimezie_Metu,2820,2017-2018,365,181
Chimezie_Metu,7795,2014-2015,1003,516
Chimezie_Metu,2545,2016-2017,440,185
Chimezie_Metu,3161,2019-2020,379,240
Chimezie_Metu,2521,2020-2021,230,175
Chimezie_Metu,3073,2015-2016,490,228
Chimezie_Metu,2047,2018-2019,281,171
BPortistime,5139,2017-2018,564,264
BPortistime,3008,2016-2017,333,129
BPortistime,7027,2019-2020,1008,571
BPortistime,3479,2020-2021,566,176
BPortistime,1374,2015-2016,149,55
BPortistime,4895,2018-2019,580,367
RaulTogni,143,2017-2018,22,17
RaulTogni,1154,2014-2015,103,65
RaulTogni,1131,2012-2013,107,82
RaulTogni,317,2016-2017,34,22
RaulTogni,1051,2011-2012,112,88
RaulTogni,106,2010-2011,8,1
RaulTogni,256,2019-2020,34,11
RaulTogni,28,2020-2021,3,1
RaulTogni,1535,2015-2016,139,87
RaulTogni,938,2013-2014,89,58
RaulTogni,101,2018-2019,18,10
VE_12,6544,2017-2018,745,411
VE_12,4754,2016-2017,513,212
VE_12,4973,2019-2020,531,347
VE_12,4347,2020-2021,551,284
VE_12,2344,2015-2016,279,129
VE_12,4865,2018-2019,581,395
JohnnyCashVU23,2504,2017-2018,294,204
JohnnyCashVU23,400,2014-2015,34,19
JohnnyCashVU23,8672,2012-2013,1070,687
JohnnyCashVU23,2213,2016-2017,265,170
JohnnyCashVU23,6386,2011-2012,689,428
JohnnyCashVU23,939,2019-2020,108,87
JohnnyCashVU23,631,2020-2021,77,65
JohnnyCashVU23,2120,2015-2016,204,139
JohnnyCashVU23,2014,2013-2014,230,157
JohnnyCashVU23,1811,2018-2019,213,165
smart_MS3,1485,2017-2018,115,91
smart_MS3,3434,2014-2015,245,163
smart_MS3,7735,2012-2013,892,680
smart_MS3,1431,2016-2017,119,86
smart_MS3,1872,2011-2012,258,158
smart_MS3,4195,2019-2020,403,301
smart_MS3,506,2020-2021,49,37
smart_MS3,1739,2015-2016,141,90
smart_MS3,5431,2013-2014,639,471
smart_MS3,1897,2018-2019,151,109
J30_RANDLE,466,2017-2018,50,32
J30_RANDLE,1325,2014-2015,128,65
J30_RANDLE,9335,2012-2013,921,660
J30_RANDLE,1076,2016-2017,98,46
J30_RANDLE,11864,2011-2012,1539,1010
J30_RANDLE,654,2019-2020,119,33
J30_RANDLE,318,2020-2021,62,18
J30_RANDLE,432,2015-2016,48,27
J30_RANDLE,1457,2013-2014,110,61
J30_RANDLE,866,2018-2019,107,61
JabariParker,449,2017-2018,30,17
JabariParker,707,2014-2015,49,27
JabariParker,1332,2012-2013,100,54
JabariParker,922,2016-2017,57,29
JabariParker,1342,2011-2012,108,19
JabariParker,27,2010-2011,2,0
JabariParker,51,2019-2020,3,3
JabariParker,1020,2015-2016,69,34
JabariParker,1351,2013-2014,89,37
JabariParker,182,2018-2019,13,9
M3Thornton,7310,2017-2018,834,524
M3Thornton,10591,2016-2017,1261,597
M3Thornton,4132,2019-2020,483,332
M3Thornton,1831,2020-2021,207,160
M3Thornton,346,2015-2016,37,14
M3Thornton,2517,2018-2019,378,207
dionwaiters3,2573,2017-2018,241,222
dionwaiters3,9161,2014-2015,774,670
dionwaiters3,58,2012-2013,4,1
dionwaiters3,3338,2016-2017,233,223
dionwaiters3,137,2019-2020,11,10
dionwaiters3,6714,2015-2016,550,478
dionwaiters3,15266,2013-2014,1268,983
dionwaiters3,87,2018-2019,9,2
Xthames2,809,2017-2018,127,89
Xthames2,2482,2014-2015,360,247
Xthames2,1634,2016-2017,220,149
Xthames2,1516,2019-2020,224,198
Xthames2,502,2020-2021,58,51
Xthames2,1397,2015-2016,206,103
Xthames2,11344,2013-2014,1828,1198
Xthames2,1361,2018-2019,177,141
MookMorris2,2253,2017-2018,232,122
MookMorris2,1708,2014-2015,140,106
MookMorris2,1917,2012-2013,198,117
MookMorris2,1363,2016-2017,127,70
MookMorris2,10168,2011-2012,1142,722
MookMorris2,5813,2010-2011,638,384
MookMorris2,1129,2019-2020,101,65
MookMorris2,560,2020-2021,61,23
MookMorris2,1599,2015-2016,180,106
MookMorris2,1782,2013-2014,149,104
MookMorris2,1673,2018-2019,167,105
KarlTowns,3411,2017-2018,332,245
KarlTowns,6669,2014-2015,581,385
KarlTowns,6299,2016-2017,662,528
KarlTowns,2767,2019-2020,314,206
KarlTowns,634,2020-2021,59,36
KarlTowns,3963,2015-2016,342,224
KarlTowns,7123,2013-2014,602,467
KarlTowns,2610,2018-2019,301,204
XavierHenry,8939,2013-2014,1253,667
XavierHenry,2270,2014-2015,335,105
XavierHenry,506,2015-2016,55,13
SniperShake,41,2011-2012,3,3
SniperShake,495,2018-2019,37,24
SniperShake,9,2012-2013,1,1
SniperShake,604,2019-2020,61,33
SniperShake,337,2020-2021,26,20
cheick_diallo13,1722,2017-2018,185,135
cheick_diallo13,7484,2014-2015,646,560
cheick_diallo13,1,2012-2013,1,1
cheick_diallo13,1372,2016-2017,124,80
cheick_diallo13,587,2019-2020,63,31
cheick_diallo13,190,2020-2021,21,8
cheick_diallo13,2770,2015-2016,248,199
cheick_diallo13,3487,2013-2014,323,279
cheick_diallo13,1363,2018-2019,133,92
zagorac_rade,5,2016-2017,1,0
Bolomboy21,242,2017-2018,13,12
Bolomboy21,305,2014-2015,33,26
Bolomboy21,6210,2012-2013,878,343
Bolomboy21,6998,2016-2017,580,456
Bolomboy21,2677,2011-2012,358,170
Bolomboy21,60,2019-2020,5,5
Bolomboy21,3607,2015-2016,370,262
Bolomboy21,699,2013-2014,96,54
Bolomboy21,3266,2018-2019,378,334
DevinBooker31,1537,2017-2018,167,102
DevinBooker31,6648,2014-2015,860,296
DevinBooker31,3183,2016-2017,352,146
DevinBooker31,1755,2019-2020,173,131
DevinBooker31,840,2020-2021,68,59
DevinBooker31,5135,2015-2016,533,311
DevinBooker31,6955,2013-2014,800,373
DevinBooker31,1516,2018-2019,146,104
hamidoudiallo,656,2017-2018,86,49
hamidoudiallo,3235,2014-2015,317,268
hamidoudiallo,2082,2016-2017,210,149
hamidoudiallo,686,2019-2020,79,38
hamidoudiallo,282,2020-2021,34,17
hamidoudiallo,2319,2015-2016,213,167
hamidoudiallo,121,2013-2014,12,10
hamidoudiallo,260,2018-2019,34,18
JamesDa_Truth,599,2017-2018,73,42
JamesDa_Truth,2166,2014-2015,297,121
JamesDa_Truth,8787,2012-2013,1182,579
JamesDa_Truth,1980,2016-2017,283,134
JamesDa_Truth,909,2019-2020,82,66
JamesDa_Truth,1442,2020-2021,177,80
JamesDa_Truth,1280,2015-2016,134,92
JamesDa_Truth,6628,2013-2014,888,485
JamesDa_Truth,441,2018-2019,42,33
J_Goin_HAM,2269,2017-2018,209,154
J_Goin_HAM,3366,2014-2015,355,205
J_Goin_HAM,245,2012-2013,22,7
J_Goin_HAM,4230,2016-2017,452,284
J_Goin_HAM,88,2011-2012,7,1
J_Goin_HAM,27,2010-2011,2,1
J_Goin_HAM,415,2019-2020,48,41
J_Goin_HAM,4311,2015-2016,466,315
J_Goin_HAM,1175,2013-2014,116,67
J_Goin_HAM,1179,2018-2019,121,94
pconnaughton,4970,2017-2018,567,282
pconnaughton,356,2014-2015,29,12
pconnaughton,5431,2016-2017,518,329
pconnaughton,5068,2019-2020,557,312
pconnaughton,1751,2020-2021,186,110
pconnaughton,7178,2015-2016,716,344
pconnaughton,5378,2018-2019,627,348
KButter5,17,2019-2020,1,0
GeorgesNiang20,8792,2018-2019,853,481
GeorgesNiang20,18865,2019-2020,1682,974
GeorgesNiang20,7180,2020-2021,665,418
thatnegus_sb,11,2017-2018,3,0
thatnegus_sb,1249,2014-2015,137,70
thatnegus_sb,2568,2012-2013,344,93
thatnegus_sb,28,2016-2017,2,1
thatnegus_sb,15145,2011-2012,2082,616
thatnegus_sb,311,2019-2020,19,12
thatnegus_sb,288,2020-2021,27,24
thatnegus_sb,64,2015-2016,4,3
thatnegus_sb,783,2013-2014,93,53
DakariJohnson,1129,2017-2018,130,82
DakariJohnson,3156,2014-2015,366,210
DakariJohnson,16586,2012-2013,1562,907
DakariJohnson,1456,2016-2017,212,105
DakariJohnson,1884,2019-2020,166,127
DakariJohnson,555,2020-2021,52,42
DakariJohnson,1700,2015-2016,255,113
DakariJohnson,1852,2013-2014,197,92
DakariJohnson,950,2018-2019,105,56
marcuspaige5,1646,2017-2018,148,98
marcuspaige5,3118,2014-2015,354,187
marcuspaige5,507,2012-2013,54,26
marcuspaige5,4708,2016-2017,518,273
marcuspaige5,3341,2019-2020,231,191
marcuspaige5,2971,2020-2021,183,145
marcuspaige5,3647,2015-2016,429,192
marcuspaige5,10796,2013-2014,1177,575
marcuspaige5,1318,2018-2019,104,84
MizzouMonster12,2019,2017-2018,327,110
MizzouMonster12,2465,2014-2015,407,121
MizzouMonster12,4917,2016-2017,677,182
MizzouMonster12,2405,2019-2020,283,187
MizzouMonster12,3409,2020-2021,431,258
MizzouMonster12,3649,2015-2016,682,143
MizzouMonster12,3270,2018-2019,393,217
T_Rozzay3,2522,2017-2018,331,240
T_Rozzay3,5,2014-2015,1,1
T_Rozzay3,54,2012-2013,8,3
T_Rozzay3,139,2016-2017,25,18
T_Rozzay3,3838,2019-2020,472,353
T_Rozzay3,3397,2020-2021,382,288
T_Rozzay3,4502,2015-2016,654,384
T_Rozzay3,2850,2018-2019,356,286
1jordanbell,5422,2017-2018,509,382
1jordanbell,11471,2016-2017,1119,822
1jordanbell,2994,2019-2020,292,177
1jordanbell,1019,2020-2021,111,52
1jordanbell,6318,2015-2016,643,398
1jordanbell,5104,2018-2019,474,359
MeyersLeonard,6039,2019-2020,1024,834
MeyersLeonard,9541,2020-2021,2176,1882
boogiecousins,1598,2017-2018,187,113
boogiecousins,2862,2014-2015,406,249
boogiecousins,4327,2012-2013,513,312
boogiecousins,1783,2016-2017,181,122
boogiecousins,3771,2011-2012,628,358
boogiecousins,771,2019-2020,87,53
boogiecousins,847,2020-2021,120,82
boogiecousins,2671,2015-2016,316,218
boogiecousins,4975,2013-2014,537,372
boogiecousins,2021,2018-2019,220,138
MalcolmBrogdon7,1,2019-2020,1,0
MalcolmBrogdon7,1666,2020-2021,126,88
ZO2_,1074,2017-2018,131,82
ZO2_,6217,2014-2015,805,548
ZO2_,3272,2016-2017,319,292
ZO2_,1276,2019-2020,106,81
ZO2_,364,2020-2021,45,33
ZO2_,13008,2015-2016,1177,1059
ZO2_,1128,2013-2014,163,67
ZO2_,853,2018-2019,100,74
OAnunoby,250,2017-2018,34,26
OAnunoby,853,2014-2015,72,44
OAnunoby,43,2012-2013,5,4
OAnunoby,122,2016-2017,21,10
OAnunoby,3,2011-2012,1,0
OAnunoby,79,2019-2020,7,6
OAnunoby,78,2020-2021,10,8
OAnunoby,162,2015-2016,31,19
OAnunoby,452,2013-2014,33,29
OAnunoby,80,2018-2019,10,10
Perry_Jones1,107,2017-2018,17,7
Perry_Jones1,805,2014-2015,92,32
Perry_Jones1,6419,2012-2013,769,351
Perry_Jones1,304,2016-2017,31,18
Perry_Jones1,14523,2011-2012,1655,880
Perry_Jones1,1995,2010-2011,239,124
Perry_Jones1,166,2019-2020,24,8
Perry_Jones1,156,2020-2021,19,11
Perry_Jones1,847,2015-2016,93,55
Perry_Jones1,1379,2013-2014,178,63
Perry_Jones1,570,2018-2019,45,29
AlizeJohnson,85,2017-2018,6,5
AlizeJohnson,1608,2018-2019,160,122
AlizeJohnson,20,2015-2016,3,2
AlizeJohnson,1757,2019-2020,205,142
AlizeJohnson,1224,2020-2021,144,93
paulzzip,281,2017-2018,66,37
paulzzip,293,2018-2019,38,24
paulzzip,781,2019-2020,115,81
paulzzip,135,2020-2021,33,20
benbentil,1578,2017-2018,134,66
benbentil,5217,2014-2015,546,165
benbentil,7119,2012-2013,799,200
benbentil,2740,2016-2017,175,63
benbentil,4214,2011-2012,435,129
benbentil,513,2019-2020,39,26
benbentil,269,2020-2021,24,10
benbentil,1513,2015-2016,140,63
benbentil,7560,2013-2014,781,262
benbentil,359,2018-2019,32,20
Kyle_OQuinn,1996,2017-2018,389,137
Kyle_OQuinn,2496,2014-2015,219,168
Kyle_OQuinn,1520,2012-2013,137,98
Kyle_OQuinn,3421,2016-2017,493,222
Kyle_OQuinn,3032,2020-2021,334,228
Kyle_OQuinn,1751,2015-2016,173,131
Kyle_OQuinn,13132,2013-2014,1267,890
Kyle_OQuinn,1019,2018-2019,155,63
NemanjaBjelica,1199,2016-2017,139,109
NemanjaBjelica,317,2017-2018,34,26
NemanjaBjelica,300,2018-2019,30,28
NemanjaBjelica,319,2015-2016,35,17
spidadmitchell,3939,2017-2018,691,275
spidadmitchell,5781,2018-2019,941,471
spidadmitchell,6430,2019-2020,1071,493
spidadmitchell,2872,2020-2021,497,193
Double0AG,1492,2017-2018,145,90
Double0AG,4022,2014-2015,334,187
Double0AG,5940,2012-2013,640,336
Double0AG,2935,2016-2017,273,115
Double0AG,292,2011-2012,28,17
Double0AG,1561,2019-2020,134,100
Double0AG,1538,2020-2021,146,110
Double0AG,1588,2015-2016,135,92
Double0AG,3704,2013-2014,356,192
Double0AG,2313,2018-2019,226,178
solohill,1311,2017-2018,171,81
solohill,48,2014-2015,5,0
solohill,273,2016-2017,29,10
solohill,12291,2019-2020,1165,944
solohill,7186,2020-2021,770,571
solohill,7,2009-2010,1,0
solohill,587,2015-2016,61,10
solohill,662,2018-2019,119,78
DwightPowell33,62,2017-2018,4,4
DwightPowell33,345,2014-2015,29,21
DwightPowell33,82,2016-2017,7,5
DwightPowell33,126,2019-2020,7,6
DwightPowell33,8,2020-2021,1,1
DwightPowell33,326,2015-2016,29,14
DwightPowell33,130,2013-2014,10,8
DwightPowell33,79,2018-2019,5,4
j3vans1_,3056,2017-2018,523,328
j3vans1_,5701,2016-2017,699,488
j3vans1_,2577,2019-2020,462,275
j3vans1_,1168,2020-2021,282,157
j3vans1_,3689,2015-2016,553,330
j3vans1_,3630,2018-2019,605,357
ZellerTyler,443,2013-2014,28,16
ZellerTyler,823,2011-2012,52,18
ZellerTyler,531,2012-2013,34,15
ZellerTyler,71,2014-2015,5,4
ZellerTyler,33,2015-2016,2,2
BigJorts55,741,2017-2018,95,82
BigJorts55,2639,2014-2015,265,198
BigJorts55,9207,2012-2013,1013,648
BigJorts55,1197,2016-2017,129,101
BigJorts55,2777,2011-2012,322,159
BigJorts55,1723,2019-2020,236,188
BigJorts55,397,2020-2021,60,46
BigJorts55,2418,2015-2016,218,146
BigJorts55,5476,2013-2014,598,382
BigJorts55,1191,2018-2019,160,129
zhaire_smith,264,2016-2017,25,23
zhaire_smith,99,2017-2018,10,6
zhaire_smith,47,2018-2019,5,5
zhaire_smith,112,2019-2020,16,8
zhaire_smith,2,2020-2021,1,1
CodyZeller,648,2017-2018,44,22
CodyZeller,2755,2014-2015,161,77
CodyZeller,2735,2012-2013,144,52
CodyZeller,1335,2016-2017,90,41
CodyZeller,2005,2011-2012,96,26
CodyZeller,645,2010-2011,39,12
CodyZeller,1698,2019-2020,104,48
CodyZeller,686,2020-2021,44,25
CodyZeller,1494,2015-2016,101,42
CodyZeller,2754,2013-2014,159,56
CodyZeller,1069,2018-2019,63,22
Sirdom1,379,2017-2018,43,34
Sirdom1,556,2014-2015,48,41
Sirdom1,515,2016-2017,86,61
Sirdom1,1167,2019-2020,132,97
Sirdom1,293,2020-2021,37,24
Sirdom1,933,2015-2016,122,74
Sirdom1,496,2018-2019,48,39
NikolaMirotic33,2332,2017-2018,244,184
NikolaMirotic33,2419,2014-2015,196,134
NikolaMirotic33,5933,2012-2013,368,133
NikolaMirotic33,971,2016-2017,92,55
NikolaMirotic33,2693,2011-2012,175,71
NikolaMirotic33,2890,2019-2020,422,287
NikolaMirotic33,1455,2020-2021,165,111
NikolaMirotic33,1520,2015-2016,132,70
NikolaMirotic33,4079,2013-2014,287,125
NikolaMirotic33,1376,2018-2019,246,158
j_josh11,387,2017-2018,37,31
j_josh11,6163,2014-2015,719,544
j_josh11,1469,2016-2017,152,120
j_josh11,56,2019-2020,6,6
j_josh11,120,2020-2021,17,11
j_josh11,4286,2015-2016,410,364
j_josh11,1573,2013-2014,214,93
j_josh11,320,2018-2019,27,24
mikegbinije,433,2017-2018,57,16
mikegbinije,188,2018-2019,22,10
mikegbinije,81,2019-2020,17,10
mikegbinije,22,2020-2021,2,2
festus,30,2017-2018,3,2
festus,4377,2014-2015,541,182
festus,3142,2012-2013,290,121
festus,2269,2016-2017,324,91
festus,3629,2019-2020,323,77
festus,5065,2015-2016,578,231
festus,7943,2013-2014,929,414
festus,1820,2018-2019,170,60
DrewRoc5,3880,2016-2017,482,278
DrewRoc5,5924,2017-2018,673,382
DrewRoc5,5712,2018-2019,725,335
DrewRoc5,8087,2019-2020,1167,467
DrewRoc5,635,2020-2021,93,37
KevinHuerter,1430,2017-2018,114,82
KevinHuerter,6737,2014-2015,636,408
KevinHuerter,1575,2012-2013,183,82
KevinHuerter,2939,2016-2017,311,175
KevinHuerter,1127,2019-2020,94,58
KevinHuerter,578,2020-2021,67,34
KevinHuerter,8043,2015-2016,846,609
KevinHuerter,6586,2013-2014,763,319
KevinHuerter,1263,2018-2019,120,76
Highway_30,14535,2018-2019,1178,891
Highway_30,24645,2019-2020,1822,1474
Highway_30,2809,2020-2021,179,132
Lac25_,968,2017-2018,125,65
Lac25_,936,2014-2015,123,52
Lac25_,1372,2012-2013,175,87
Lac25_,300,2016-2017,29,12
Lac25_,3655,2011-2012,571,233
Lac25_,5530,2010-2011,765,194
Lac25_,125,2019-2020,22,12
Lac25_,85,2020-2021,9,6
Lac25_,169,2015-2016,22,11
Lac25_,1973,2013-2014,258,134
Lac25_,653,2018-2019,97,43
Tru_Harp32,234,2017-2018,26,8
Tru_Harp32,1038,2014-2015,100,53
Tru_Harp32,12289,2012-2013,1317,636
Tru_Harp32,787,2016-2017,90,21
Tru_Harp32,1,2019-2020,3,0
Tru_Harp32,2365,2015-2016,273,97
Tru_Harp32,12199,2013-2014,1247,619
Tru_Harp32,233,2018-2019,37,9
B_Ingram13,403,2017-2018,54,26
B_Ingram13,560,2014-2015,69,24
B_Ingram13,176,2012-2013,13,9
B_Ingram13,476,2016-2017,75,37
B_Ingram13,179,2011-2012,15,2
B_Ingram13,38,2010-2011,4,0
B_Ingram13,311,2015-2016,32,22
B_Ingram13,72,2013-2014,6,6
B_Ingram13,16,2018-2019,3,0
EdmondSumner,1469,2017-2018,197,96
EdmondSumner,37,2012-2013,2,2
EdmondSumner,2440,2016-2017,279,53
EdmondSumner,61,2011-2012,4,4
EdmondSumner,31,2010-2011,2,2
EdmondSumner,1714,2019-2020,184,151
EdmondSumner,1291,2020-2021,143,118
EdmondSumner,2658,2018-2019,251,193
rob_williamsIII,5443,2017-2018,681,457
rob_williamsIII,291,2014-2015,24,19
rob_williamsIII,6790,2012-2013,720,57
rob_williamsIII,5846,2016-2017,635,404
rob_williamsIII,2059,2019-2020,257,187
rob_williamsIII,2055,2020-2021,313,170
rob_williamsIII,1661,2015-2016,217,115
rob_williamsIII,2167,2018-2019,290,208
ivicazubac,566,2017-2018,80,50
ivicazubac,969,2016-2017,154,95
ivicazubac,167,2019-2020,41,27
ivicazubac,137,2020-2021,28,14
ivicazubac,259,2015-2016,35,25
ivicazubac,855,2018-2019,141,67
DeAnthonyMelton,2011,2017-2018,204,154
DeAnthonyMelton,5641,2014-2015,695,530
DeAnthonyMelton,3552,2016-2017,393,269
DeAnthonyMelton,3313,2019-2020,305,265
DeAnthonyMelton,1558,2020-2021,169,148
DeAnthonyMelton,7869,2015-2016,1032,675
DeAnthonyMelton,658,2013-2014,102,68
DeAnthonyMelton,726,2018-2019,85,56
AirPierreTokoto,2747,2017-2018,238,195
AirPierreTokoto,10316,2014-2015,981,831
AirPierreTokoto,3952,2016-2017,372,274
AirPierreTokoto,537,2019-2020,39,39
AirPierreTokoto,94,2020-2021,13,13
AirPierreTokoto,3172,2015-2016,273,226
AirPierreTokoto,5177,2013-2014,499,411
AirPierreTokoto,244,2018-2019,21,21
FlightLeslie23,336,2017-2018,33,22
FlightLeslie23,14456,2012-2013,1593,1033
FlightLeslie23,2021,2014-2015,223,152
FlightLeslie23,315,2016-2017,33,24
FlightLeslie23,149,2015-2016,16,13
FlightLeslie23,10365,2013-2014,1233,765
alexabrines,1706,2017-2018,232,144
alexabrines,2305,2014-2015,185,130
alexabrines,2854,2012-2013,253,190
alexabrines,1213,2016-2017,149,63
alexabrines,4425,2011-2012,489,344
alexabrines,13,2010-2011,2,0
alexabrines,3933,2019-2020,582,473
alexabrines,2494,2020-2021,395,322
alexabrines,552,2015-2016,46,33
alexabrines,1563,2013-2014,128,107
alexabrines,3555,2018-2019,438,302
RaySpalding_4,96,2017-2018,11,10
RaySpalding_4,6603,2014-2015,883,629
RaySpalding_4,1501,2012-2013,169,109
RaySpalding_4,915,2019-2020,68,63
RaySpalding_4,715,2020-2021,59,55
RaySpalding_4,12268,2013-2014,1535,1072
RaySpalding_4,755,2018-2019,67,56
furkanaldemir19,719,2017-2018,64,21
furkanaldemir19,1962,2014-2015,205,119
furkanaldemir19,1071,2016-2017,93,29
furkanaldemir19,161,2019-2020,17,8
furkanaldemir19,632,2020-2021,56,18
furkanaldemir19,507,2015-2016,51,24
furkanaldemir19,286,2018-2019,21,7
Zo_Brown,1140,2017-2018,158,68
Zo_Brown,748,2014-2015,57,25
Zo_Brown,1560,2016-2017,237,81
Zo_Brown,290,2019-2020,56,21
Zo_Brown,311,2020-2021,43,19
Zo_Brown,1439,2015-2016,189,80
Zo_Brown,431,2018-2019,59,20
cediosman,1837,2017-2018,256,68
cediosman,153,2014-2015,11,9
cediosman,893,2016-2017,115,31
cediosman,2422,2019-2020,220,120
cediosman,469,2020-2021,43,20
cediosman,382,2015-2016,39,26
cediosman,1658,2018-2019,151,71
KevKnox,1126,2017-2018,117,53
KevKnox,3686,2014-2015,407,252
KevKnox,7044,2016-2017,742,431
KevKnox,292,2019-2020,40,12
KevKnox,341,2020-2021,56,4
KevKnox,10512,2015-2016,1140,732
KevKnox,406,2018-2019,37,20
ThiasLsf,2477,2017-2018,246,192
ThiasLsf,1622,2014-2015,142,131
ThiasLsf,1252,2012-2013,159,133
ThiasLsf,862,2016-2017,68,59
ThiasLsf,762,2011-2012,98,47
ThiasLsf,3559,2019-2020,304,247
ThiasLsf,3173,2020-2021,291,226
ThiasLsf,1286,2015-2016,119,108
ThiasLsf,1916,2013-2014,241,181
ThiasLsf,3164,2018-2019,310,254
mitar_mitar9,1623,2017-2018,287,148
mitar_mitar9,1604,2016-2017,261,137
mitar_mitar9,864,2019-2020,151,88
mitar_mitar9,181,2020-2021,27,19
mitar_mitar9,1854,2015-2016,262,143
mitar_mitar9,1650,2018-2019,242,161
DevinEbanks3,158,2017-2018,17,9
DevinEbanks3,1612,2014-2015,161,65
DevinEbanks3,13583,2012-2013,1406,834
DevinEbanks3,301,2016-2017,32,11
DevinEbanks3,9686,2011-2012,1005,416
DevinEbanks3,1373,2019-2020,135,53
DevinEbanks3,144,2020-2021,19,12
DevinEbanks3,975,2015-2016,102,38
DevinEbanks3,2701,2013-2014,269,135
DevinEbanks3,851,2018-2019,54,42
TyWallace661,1378,2017-2018,133,100
TyWallace661,9117,2014-2015,921,587
TyWallace661,1849,2016-2017,205,119
TyWallace661,832,2019-2020,77,55
TyWallace661,91,2020-2021,10,7
TyWallace661,1454,2015-2016,158,89
TyWallace661,13487,2013-2014,1539,1056
TyWallace661,1094,2018-2019,112,90
tobias31,12665,2017-2018,1338,732
tobias31,6239,2018-2019,771,423
tobias31,5985,2019-2020,720,445
tobias31,2899,2020-2021,370,216
marquisteague25,256,2016-2017,32,16
marquisteague25,1475,2017-2018,95,92
marquisteague25,12,2018-2019,2,0
QuincyPondexter,4005,2017-2018,572,169
QuincyPondexter,4049,2014-2015,411,190
QuincyPondexter,3215,2016-2017,423,153
QuincyPondexter,908,2010-2011,109,81
QuincyPondexter,2630,2019-2020,356,96
QuincyPondexter,1086,2020-2021,152,41
QuincyPondexter,1085,2009-2010,154,102
QuincyPondexter,4656,2015-2016,620,193
QuincyPondexter,16,2013-2014,1,1
QuincyPondexter,3071,2018-2019,402,136
UCjwilcox23W,509,2017-2018,55,29
UCjwilcox23W,1329,2014-2015,154,86
UCjwilcox23W,4829,2012-2013,456,269
UCjwilcox23W,577,2016-2017,56,24
UCjwilcox23W,13782,2011-2012,1393,819
UCjwilcox23W,3751,2010-2011,404,197
UCjwilcox23W,54,2019-2020,4,4
UCjwilcox23W,151,2020-2021,15,8
UCjwilcox23W,558,2015-2016,77,48
UCjwilcox23W,3879,2013-2014,417,249
UCjwilcox23W,794,2018-2019,66,53
waltertavares22,3092,2017-2018,479,193
waltertavares22,5138,2018-2019,870,386
waltertavares22,6619,2019-2020,1067,608
waltertavares22,4038,2020-2021,784,427
KrisDunn3,1822,2017-2018,162,122
KrisDunn3,521,2016-2017,46,16
KrisDunn3,623,2019-2020,59,48
KrisDunn3,121,2020-2021,9,8
KrisDunn3,361,2015-2016,34,29
KrisDunn3,1659,2018-2019,186,151
D_Daniels2,258,2017-2018,31,25
D_Daniels2,727,2014-2015,86,51
D_Daniels2,4214,2012-2013,624,277
D_Daniels2,194,2016-2017,23,14
D_Daniels2,9446,2011-2012,1221,491
D_Daniels2,171,2019-2020,16,15
D_Daniels2,96,2020-2021,8,7
D_Daniels2,486,2015-2016,56,33
D_Daniels2,2599,2013-2014,344,154
D_Daniels2,213,2018-2019,15,14
AntDavis23,1208,2017-2018,120,48
AntDavis23,2601,2014-2015,270,160
AntDavis23,5399,2012-2013,781,575
AntDavis23,1132,2016-2017,132,68
AntDavis23,9192,2011-2012,1245,817
AntDavis23,333,2019-2020,24,16
AntDavis23,351,2020-2021,28,19
AntDavis23,2527,2015-2016,231,117
AntDavis23,2668,2013-2014,288,197
AntDavis23,329,2018-2019,22,14
ElieOkobo_0,1801,2017-2018,126,101
ElieOkobo_0,878,2018-2019,92,56
ElieOkobo_0,301,2019-2020,32,18
ElieOkobo_0,84,2020-2021,6,2
BenMcLemore,535,2017-2018,55,34
BenMcLemore,5356,2014-2015,468,311
BenMcLemore,3788,2012-2013,409,221
BenMcLemore,1061,2016-2017,103,46
BenMcLemore,7112,2011-2012,852,328
BenMcLemore,416,2019-2020,60,35
BenMcLemore,268,2020-2021,53,32
BenMcLemore,1032,2015-2016,110,52
BenMcLemore,5514,2013-2014,462,281
BenMcLemore,276,2018-2019,38,22
AnferneeSimons,4758,2017-2018,407,353
AnferneeSimons,10,2014-2015,1,1
AnferneeSimons,19,2016-2017,2,2
AnferneeSimons,2118,2019-2020,306,126
AnferneeSimons,1550,2020-2021,210,98
AnferneeSimons,128,2015-2016,17,15
AnferneeSimons,36,2013-2014,2,1
AnferneeSimons,864,2018-2019,118,64
BenSimmons25,628,2018-2019,125,43
BenSimmons25,2474,2019-2020,301,151
BenSimmons25,773,2020-2021,104,52
TwoShotOne,2843,2017-2018,526,371
TwoShotOne,90,2014-2015,11,7
TwoShotOne,1157,2016-2017,251,166
TwoShotOne,7030,2011-2012,1048,574
TwoShotOne,2305,2019-2020,314,249
TwoShotOne,1743,2020-2021,171,148
TwoShotOne,2289,2015-2016,484,372
TwoShotOne,2356,2018-2019,369,288
greivisvasquez,7082,2016-2017,451,230
greivisvasquez,21895,2017-2018,1433,888
greivisvasquez,6904,2018-2019,529,291
greivisvasquez,7101,2019-2020,593,266
greivisvasquez,2131,2020-2021,172,82
officialzhouqi,29,2016-2017,3,1
Dsabonis11,685,2017-2018,70,63
Dsabonis11,1112,2014-2015,84,82
Dsabonis11,1328,2016-2017,131,103
Dsabonis11,571,2019-2020,44,43
Dsabonis11,43,2020-2021,2,2
Dsabonis11,2255,2015-2016,179,167
Dsabonis11,9,2013-2014,2,2
Dsabonis11,622,2018-2019,46,41
ReggieBullock35,8622,2016-2017,1118,349
ReggieBullock35,7573,2017-2018,837,291
ReggieBullock35,5324,2018-2019,596,209
ReggieBullock35,2769,2019-2020,379,92
ReggieBullock35,1395,2020-2021,221,49
ShabazzMuhammad,94,2017-2018,16,7
ShabazzMuhammad,1526,2014-2015,143,109
ShabazzMuhammad,6411,2012-2013,615,428
ShabazzMuhammad,273,2016-2017,36,17
ShabazzMuhammad,17284,2011-2012,1628,1262
ShabazzMuhammad,238,2019-2020,30,19
ShabazzMuhammad,187,2020-2021,25,15
ShabazzMuhammad,857,2015-2016,92,41
ShabazzMuhammad,3170,2013-2014,284,212
ShabazzMuhammad,41,2018-2019,7,3
Rome_Coldbucks1,1066,2017-2018,119,71
Rome_Coldbucks1,1777,2018-2019,185,126
Rome_Coldbucks1,1798,2019-2020,186,132
Rome_Coldbucks1,1633,2020-2021,183,117
NMilutinov,72,2014-2015,5,2
NMilutinov,39,2015-2016,5,1
ZachLaVine,1205,2017-2018,136,84
ZachLaVine,2676,2014-2015,257,135
ZachLaVine,9704,2012-2013,1210,761
ZachLaVine,889,2016-2017,100,70
ZachLaVine,2103,2019-2020,250,194
ZachLaVine,672,2020-2021,129,94
ZachLaVine,1717,2015-2016,190,85
ZachLaVine,6232,2013-2014,759,445
ZachLaVine,902,2018-2019,135,117
npowell2404,284,2017-2018,34,15
npowell2404,1780,2014-2015,155,61
npowell2404,4425,2012-2013,492,312
npowell2404,759,2016-2017,81,37
npowell2404,7738,2011-2012,877,298
npowell2404,8073,2010-2011,814,265
npowell2404,942,2019-2020,75,26
npowell2404,135,2020-2021,10,4
npowell2404,2472,2015-2016,291,154
npowell2404,1503,2013-2014,229,144
npowell2404,922,2018-2019,82,22
jhuestis,783,2017-2018,83,39
jhuestis,3017,2014-2015,280,163
jhuestis,3647,2012-2013,455,247
jhuestis,1447,2016-2017,161,97
jhuestis,11651,2011-2012,1285,624
jhuestis,4033,2010-2011,433,164
jhuestis,6,2020-2021,1,1
jhuestis,1875,2015-2016,185,94
jhuestis,2813,2013-2014,299,169
BernardJame5,2,2018-2019,1,0
BernardJame5,27,2019-2020,4,2
BernardJame5,66,2020-2021,3,3
RobbieHummel,1954,2017-2018,159,135
RobbieHummel,4368,2014-2015,476,368
RobbieHummel,3798,2012-2013,431,339
RobbieHummel,1419,2016-2017,150,117
RobbieHummel,2807,2019-2020,240,207
RobbieHummel,2152,2020-2021,162,146
RobbieHummel,2200,2015-2016,200,161
RobbieHummel,9934,2013-2014,1152,902
RobbieHummel,2802,2018-2019,230,194
JohnWall,5273,2017-2018,443,399
JohnWall,736,2014-2015,64,54
JohnWall,9389,2016-2017,788,653
JohnWall,2920,2019-2020,256,208
JohnWall,1429,2020-2021,140,88
JohnWall,12522,2015-2016,1203,908
JohnWall,3635,2018-2019,254,229
aoriakhi42,214,2017-2018,15,11
aoriakhi42,3592,2014-2015,332,242
aoriakhi42,11998,2012-2013,1688,1074
aoriakhi42,1169,2016-2017,88,68
aoriakhi42,2553,2019-2020,183,165
aoriakhi42,1871,2020-2021,131,115
aoriakhi42,853,2015-2016,78,65
aoriakhi42,5915,2013-2014,606,436
The_Fourth_Wade,3173,2017-2018,293,197
The_Fourth_Wade,4590,2014-2015,545,320
The_Fourth_Wade,2820,2016-2017,331,204
The_Fourth_Wade,1260,2019-2020,146,106
The_Fourth_Wade,1311,2020-2021,130,98
The_Fourth_Wade,4704,2015-2016,536,326
The_Fourth_Wade,4112,2013-2014,473,273
The_Fourth_Wade,2884,2018-2019,274,193
AndreDrummond,8281,2016-2017,700,492
AndreDrummond,10519,2017-2018,898,686
AndreDrummond,6255,2018-2019,547,436
AndreDrummond,7595,2019-2020,708,441
AndreDrummond,3002,2020-2021,314,170
leafsquad22,746,2017-2018,95,58
leafsquad22,4916,2014-2015,520,375
leafsquad22,725,2016-2017,85,70
leafsquad22,139,2019-2020,10,10
leafsquad22,3689,2015-2016,334,228
leafsquad22,1944,2013-2014,221,153
leafsquad22,496,2018-2019,54,30
CancarVlatko,92,2017-2018,15,7
CancarVlatko,472,2018-2019,63,29
CancarVlatko,357,2019-2020,44,26
CancarVlatko,21,2020-2021,4,3
RealStevenAdams,992,2017-2018,102,83
RealStevenAdams,1481,2014-2015,164,103
RealStevenAdams,4716,2012-2013,458,270
RealStevenAdams,658,2016-2017,65,55
RealStevenAdams,1186,2019-2020,105,84
RealStevenAdams,313,2020-2021,74,62
RealStevenAdams,664,2015-2016,78,49
RealStevenAdams,4570,2013-2014,495,294
RealStevenAdams,835,2018-2019,79,62
iAmSJ,13023,2016-2017,1793,920
iAmSJ,6086,2017-2018,822,437
iAmSJ,1320,2018-2019,134,85
iAmSJ,2139,2015-2016,310,115
iAmSJ,250,2019-2020,27,21
SanonIssuf,10,2019-2020,8,2
SanonIssuf,83,2020-2021,27,12
satoransky,383,2017-2018,41,37
satoransky,2140,2014-2015,163,118
satoransky,516,2012-2013,32,11
satoransky,652,2016-2017,70,39
satoransky,348,2019-2020,32,25
satoransky,164,2020-2021,14,12
satoransky,795,2015-2016,69,40
satoransky,648,2013-2014,42,37
satoransky,611,2018-2019,53,48
KyleSingler,89,2017-2018,5,2
KyleSingler,1831,2014-2015,154,91
KyleSingler,2950,2012-2013,264,170
KyleSingler,224,2016-2017,18,10
KyleSingler,6253,2011-2012,570,327
KyleSingler,2189,2010-2011,228,116
KyleSingler,46,2019-2020,3,3
KyleSingler,1404,2009-2010,151,48
KyleSingler,544,2015-2016,41,28
KyleSingler,1367,2013-2014,106,68
KyleSingler,143,2018-2019,12,8
TonyWarrenJr,1209,2017-2018,148,65
TonyWarrenJr,1367,2014-2015,195,73
TonyWarrenJr,5625,2012-2013,563,297
TonyWarrenJr,491,2016-2017,61,17
TonyWarrenJr,12041,2011-2012,1208,677
TonyWarrenJr,1479,2019-2020,186,83
TonyWarrenJr,296,2020-2021,50,20
TonyWarrenJr,1013,2015-2016,114,40
TonyWarrenJr,4676,2013-2014,487,235
TonyWarrenJr,1141,2018-2019,143,50
luka7doncic,2366,2017-2018,330,196
luka7doncic,2110,2014-2015,163,135
luka7doncic,4705,2016-2017,514,380
luka7doncic,2894,2019-2020,425,284
luka7doncic,638,2020-2021,134,75
luka7doncic,4679,2015-2016,482,360
luka7doncic,6310,2013-2014,718,525
luka7doncic,2607,2018-2019,408,211
JahlilOkafor,3711,2014-2015,331,226
JahlilOkafor,11078,2012-2013,1008,788
JahlilOkafor,805,2016-2017,77,35
JahlilOkafor,31,2019-2020,2,1
JahlilOkafor,1539,2015-2016,146,75
JahlilOkafor,18511,2013-2014,1465,1157
JahlilOkafor,24,2018-2019,5,4
2bkings,2741,2017-2018,231,177
2bkings,3178,2014-2015,352,190
2bkings,6617,2012-2013,901,331
2bkings,2356,2016-2017,236,110
2bkings,614,2019-2020,58,52
2bkings,405,2020-2021,41,35
2bkings,2533,2015-2016,303,168
2bkings,5316,2013-2014,667,295
2bkings,1939,2018-2019,183,167
DTP_Mario,1145,2017-2018,131,116
DTP_Mario,2822,2014-2015,269,216
DTP_Mario,5053,2012-2013,549,210
DTP_Mario,2315,2016-2017,169,142
DTP_Mario,3985,2019-2020,446,342
DTP_Mario,3658,2020-2021,334,289
DTP_Mario,2428,2015-2016,205,189
DTP_Mario,6966,2013-2014,781,465
DTP_Mario,1784,2018-2019,227,189
TWroten_LOE,2619,2017-2018,271,106
TWroten_LOE,5915,2014-2015,811,273
TWroten_LOE,3218,2016-2017,299,118
TWroten_LOE,1568,2019-2020,145,92
TWroten_LOE,896,2020-2021,86,37
TWroten_LOE,6138,2015-2016,784,209
TWroten_LOE,5722,2013-2014,649,234
TWroten_LOE,1444,2018-2019,155,67
DWXXIII,372,2018-2019,32,28
DWXXIII,3979,2019-2020,390,211
DWXXIII,6094,2020-2021,486,330
Bobby_Sacre,3293,2020-2021,320,286
RayMac3,331,2017-2018,28,18
RayMac3,148,2008-2009,17,1
RayMac3,1292,2014-2015,126,72
RayMac3,2024,2012-2013,191,132
RayMac3,124,2016-2017,15,9
RayMac3,4548,2011-2012,443,338
RayMac3,6360,2010-2011,644,287
RayMac3,235,2019-2020,20,12
RayMac3,74,2020-2021,8,6
RayMac3,4287,2009-2010,524,139
RayMac3,758,2015-2016,65,31
RayMac3,1598,2013-2014,129,93
RayMac3,407,2018-2019,34,28
jlamb,54,2017-2018,11,2
jlamb,413,2014-2015,95,27
jlamb,4007,2012-2013,599,342
jlamb,16,2016-2017,2,1
jlamb,13525,2011-2012,1627,928
jlamb,3065,2010-2011,440,157
jlamb,267,2015-2016,73,15
jlamb,1686,2013-2014,283,140
jlamb,76,2018-2019,16,5
Khyri_2,23,2016-2017,7,6
Khyri_2,61,2017-2018,13,11
Khyri_2,3,2018-2019,1,1
Khyri_2,21,2019-2020,4,4
Khyri_2,1129,2020-2021,134,123
gordonhayward,1901,2017-2018,159,104
gordonhayward,1828,2014-2015,149,101
gordonhayward,3625,2012-2013,312,172
gordonhayward,2325,2016-2017,173,95
gordonhayward,8259,2011-2012,691,476
gordonhayward,5779,2010-2011,544,303
gordonhayward,991,2019-2020,77,35
gordonhayward,496,2020-2021,50,21
gordonhayward,2141,2015-2016,208,102
gordonhayward,3004,2013-2014,256,154
gordonhayward,1277,2018-2019,113,59
Ante__Zizic,8,2017-2018,2,0
Ante__Zizic,12,2018-2019,5,2
MONSTATREZZ,3731,2017-2018,394,269
MONSTATREZZ,1534,2014-2015,168,74
MONSTATREZZ,4337,2016-2017,498,202
MONSTATREZZ,3562,2019-2020,420,206
MONSTATREZZ,2727,2020-2021,284,132
MONSTATREZZ,4378,2015-2016,514,180
MONSTATREZZ,1827,2013-2014,218,134
MONSTATREZZ,7187,2018-2019,678,380
IAmCHAP24,4832,2017-2018,418,341
IAmCHAP24,4047,2014-2015,379,232
IAmCHAP24,6306,2016-2017,541,379
IAmCHAP24,2718,2019-2020,219,160
IAmCHAP24,1657,2020-2021,133,86
IAmCHAP24,5980,2015-2016,620,420
IAmCHAP24,5619,2013-2014,642,463
IAmCHAP24,2349,2018-2019,199,146
bjohnson_23,2989,2017-2018,380,173
bjohnson_23,257,2014-2015,50,12
bjohnson_23,4558,2016-2017,506,191
bjohnson_23,38,2011-2012,3,3
bjohnson_23,1978,2019-2020,257,155
bjohnson_23,2192,2020-2021,239,136
bjohnson_23,1746,2015-2016,252,64
bjohnson_23,4331,2018-2019,507,201
CaldwellPope,408,2017-2018,37,25
CaldwellPope,335,2014-2015,30,23
CaldwellPope,548,2012-2013,67,25
CaldwellPope,136,2016-2017,11,7
CaldwellPope,41,2019-2020,4,2
CaldwellPope,39,2020-2021,6,4
CaldwellPope,150,2015-2016,14,7
CaldwellPope,1157,2013-2014,129,67
CaldwellPope,20,2018-2019,4,3
Loon_Rebel5,332,2017-2018,26,25
Loon_Rebel5,22,2008-2009,3,1
Loon_Rebel5,2149,2014-2015,201,130
Loon_Rebel5,7158,2012-2013,689,362
Loon_Rebel5,472,2016-2017,43,38
Loon_Rebel5,961,2011-2012,111,45
Loon_Rebel5,5,2010-2011,1,0
Loon_Rebel5,1156,2019-2020,94,80
Loon_Rebel5,344,2020-2021,43,37
Loon_Rebel5,7,2009-2010,1,0
Loon_Rebel5,942,2015-2016,89,64
Loon_Rebel5,5495,2013-2014,582,307
Loon_Rebel5,508,2018-2019,51,41
LukeKennard5,900,2017-2018,90,58
LukeKennard5,20558,2014-2015,2009,1406
LukeKennard5,1265,2016-2017,126,54
LukeKennard5,539,2019-2020,59,33
LukeKennard5,178,2020-2021,20,14
LukeKennard5,2613,2015-2016,269,142
LukeKennard5,838,2013-2014,109,70
LukeKennard5,513,2018-2019,53,25
nicholaf44,215,2017-2018,14,13
nicholaf44,833,2014-2015,73,48
nicholaf44,4331,2012-2013,711,381
nicholaf44,232,2016-2017,18,10
nicholaf44,9894,2011-2012,1510,886
nicholaf44,420,2019-2020,56,36
nicholaf44,283,2020-2021,55,24
nicholaf44,356,2015-2016,35,22
nicholaf44,2134,2013-2014,296,156
nicholaf44,152,2018-2019,15,14
