"","twitter_handle","sent_pred","sent_perc","freq_pred","freq_perc","topc_pred","topc_perc"
"1","_bigjayy_",0.272483289241791,0.913705583756345,0.596343517303467,0.948780487804878,0.695158541202545,0.921319796954315
"2","_Iwundu25",-2.59899425506592,0.360406091370558,-4.41525316238403,0.117073170731707,-3.35847568511963,0.299492385786802
"3","1JOLOLO",0.00700731948018074,0.880710659898477,-1.73063218593597,0.590243902439024,-5.32080078125,0.129441624365482
"4","1jordanbell",-0.436001539230347,0.799492385786802,-0.643352329730988,0.797560975609756,-0.253597766160965,0.82994923857868
"5","1Tyus",-1.07030773162842,0.685279187817259,-0.164478212594986,0.875609756097561,-0.494582831859589,0.789340101522843
"6","22wiggins",-1.77950525283813,0.522842639593909,-2.10967350006104,0.490243902439024,-1.99266231060028,0.548223350253807
"7","23savage____",0.277219235897064,0.916243654822335,0.458442151546478,0.936585365853659,1.91594922542572,0.967005076142132
"8","2bkings",-3.84709930419922,0.218274111675127,-2.47998380661011,0.4,-1.13525855541229,0.677664974619289
"9","35_Fitz",-0.759422481060028,0.743654822335025,-0.224427253007889,0.870731707317073,-0.760157406330109,0.748730964467005
"10","44Bojan",-1.91653978824615,0.50761421319797,-1.20984208583832,0.702439024390244,-1.26527941226959,0.642131979695431
"11","AbdelNader2",-2.50588655471802,0.395939086294416,-2.46013832092285,0.404878048780488,-2.45420527458191,0.459390862944162
"12","Adreian_Payne",-4.85182523727417,0.139593908629442,-3.93030786514282,0.151219512195122,-5.34823894500732,0.126903553299492
"13","AhmadMonk",-2.18187689781189,0.464467005076142,-3.36868000030518,0.234146341463415,-2.86020255088806,0.365482233502538
"14","AirPierreTokoto",-6.34066772460938,0.0583756345177665,-4.73904705047607,0.0878048780487805,-5.16752672195435,0.142131979695431
"15","AJALLDAY1",-3.53629755973816,0.256345177664975,-3.8527398109436,0.163414634146341,-4.02931547164917,0.225888324873096
"16","AlecBrown21",-4.91856145858765,0.129441624365482,-4.74973726272583,0.0853658536585366,-6.40590381622314,0.0685279187817259
"17","AlecBurks10",-5.87133646011353,0.0736040609137056,-4.58965730667114,0.104878048780488,-5.12115716934204,0.149746192893401
"18","alexlen",-2.24865746498108,0.441624365482233,-2.26272559165955,0.446341463414634,-1.74264311790466,0.581218274111675
"19","AlizeJohnson",-3.15001583099365,0.286802030456853,-3.76254463195801,0.170731707317073,-3.26133728027344,0.322335025380711
"20","AllenKadeem",-2.52991628646851,0.390862944162437,-1.66758632659912,0.607317073170732,-1.53271722793579,0.606598984771574
"21","amoultrie",-1.87127566337585,0.512690355329949,-2.85157752037048,0.331707317073171,-2.84812760353088,0.370558375634518
"22","AndreDrummond",-1.12344491481781,0.67005076142132,-2.96344113349915,0.309756097560976,-2.96523714065552,0.347715736040609
"23","AnferneeSimons",-4.26284456253052,0.187817258883249,-3.73002076148987,0.185365853658537,-4.25672054290771,0.200507614213198
"24","AntDavis23",3.60638022422791,0.99746192893401,3.63439416885376,0.997560975609756,4.5562891960144,0.99746192893401
"25","Ante__Zizic",-3.12399888038635,0.289340101522843,-3.27941560745239,0.246341463414634,-3.41589379310608,0.289340101522843
"26","AnzejsP",-5.78131341934204,0.0761421319796954,-5.62996673583984,0.0414634146341463,-5.87304639816284,0.0964467005076142
"27","aoriakhi42",-6.99430227279663,0.0406091370558376,-4.9966082572937,0.0780487804878049,-6.75166130065918,0.0558375634517767
"28","AustinRivers25",-2.61775684356689,0.357868020304569,-3.13042140007019,0.273170731707317,-4.18685579299927,0.203045685279188
"29","Avery0Bradley",-2.02648949623108,0.487309644670051,-5.48164367675781,0.0512195121951219,-3.35767698287964,0.302030456852792
"30","B_Ingram13",-2.01745915412903,0.489847715736041,-2.5241231918335,0.395121951219512,-1.40648400783539,0.616751269035533
"31","Bam1of1",1.04281568527222,0.964467005076142,0.500226616859436,0.941463414634146,1.10470974445343,0.936548223350254
"32","BeMore27",-0.271873027086258,0.83502538071066,-1.25396239757538,0.695121951219512,-0.333852797746658,0.819796954314721
"33","benbentil",-23.0630722045898,0.00253807106598985,-20.8746585845947,0.0024390243902439,-21.8751010894775,0.00253807106598985
"34","BenMcLemore",-2.93114852905273,0.317258883248731,-1.4821081161499,0.651219512195122,-2.10649847984314,0.532994923857868
"35","BenSimmons25",1.67650270462036,0.979695431472081,1.14990949630737,0.95609756097561,2.92377066612244,0.989847715736041
"36","BernardJame5",-2.15500354766846,0.469543147208122,-2.12305092811584,0.48780487804878,-3.27651977539062,0.319796954314721
"37","BIGG_ZIMM",-6.65739727020264,0.0532994923857868,-6.56619739532471,0.024390243902439,-7.35327053070068,0.0355329949238579
"38","BigJorts55",-0.573488354682922,0.779187817258883,-1.52227652072906,0.636585365853659,-0.198594629764557,0.83502538071066
"39","bismackbiyombo",-2.42618870735168,0.406091370558376,-3.30690860748291,0.239024390243902,-3.42732405662537,0.286802030456853
"40","bjohnson_23",-4.41944551467896,0.177664974619289,-3.40625214576721,0.229268292682927,-2.70809006690979,0.390862944162437
"41","Bobby_Sacre",-1.83540272712708,0.517766497461929,-2.39995336532593,0.412195121951219,-0.0302120856940746,0.857868020304569
"42","Bolomboy21",-0.409987509250641,0.802030456852792,-1.18434536457062,0.704878048780488,-0.742073833942413,0.751269035532995
"43","boogiecousins",0.975740134716034,0.961928934010152,0.77915370464325,0.953658536585366,1.89330363273621,0.964467005076142
"44","bosnianbeast27",-1.30058109760284,0.621827411167513,-0.872277736663818,0.75609756097561,-0.412581712007523,0.807106598984772
"45","BPortistime",-1.62716507911682,0.560913705583756,-2.26358389854431,0.44390243902439,-1.29787445068359,0.639593908629442
"46","BruceBrown11",-1.71771740913391,0.545685279187817,-2.2072479724884,0.475609756097561,-2.35661029815674,0.474619289340102
"47","Bruno_Caboclo",-4.35041666030884,0.180203045685279,-2.18741512298584,0.480487804878049,-2.53304576873779,0.439086294416244
"48","buddyhield",-0.915541410446167,0.703045685279188,-0.591342568397522,0.809756097560976,0.0865280702710152,0.875634517766497
"49","C_SING31",-2.55141162872314,0.380710659898477,-2.89804148674011,0.321951219512195,-2.24323582649231,0.5
"50","CaldwellPope",-2.65560555458069,0.355329949238579,-3.77202916145325,0.168292682926829,-2.52449941635132,0.444162436548223
"51","CallMe_NonStop",-2.30613803863525,0.431472081218274,-1.28675258159637,0.68780487804878,-3.35549545288086,0.304568527918782
"52","campayne",-3.21097230911255,0.279187817258883,-2.72886347770691,0.358536585365854,-1.39463710784912,0.619289340101523
"53","CancarVlatko",-5.00054693222046,0.119289340101523,-5.2356071472168,0.0609756097560976,-6.40743112564087,0.065989847715736
"54","CapelaClint",0.659704148769379,0.941624365482233,0.398988038301468,0.931707317073171,1.83755040168762,0.961928934010152
"55","CarisLeVert",-1.39969730377197,0.606598984771574,-2.26752185821533,0.439024390243902,-1.19621276855469,0.66751269035533
"56","cheick_diallo13",-1.15250289440155,0.65989847715736,-2.71876430511475,0.360975609756098,-1.73763585090637,0.583756345177665
"57","Chimezie_Metu",-4.47519016265869,0.175126903553299,-3.8847439289093,0.158536585365854,-3.39095830917358,0.291878172588832
"58","chinanu_onuaku",-4.91456079483032,0.131979695431472,-5.42711973190308,0.0560975609756098,-5.14096689224243,0.144670050761421
"59","CJC9BOSS",-1.70877552032471,0.550761421319797,-0.369099915027618,0.84390243902439,0.0158814024180174,0.870558375634518
"60","CJMcCollum",0.832183063030243,0.951776649746193,0.451039344072342,0.934146341463415,0.910477936267853,0.928934010152284
"61","ClutchREED_5",-3.84654474258423,0.220812182741117,-2.79616856575012,0.34390243902439,-4.88713598251343,0.17005076142132
"62","CmoHutchison",-3.80967569351196,0.225888324873096,-2.96370029449463,0.307317073170732,-4.09945964813232,0.215736040609137
"63","CodyZeller",-0.549971520900726,0.786802030456853,0.0691260620951653,0.895121951219512,-0.477217555046082,0.791878172588833
"64","colea45",-0.523338973522186,0.791878172588833,-1.24371945858002,0.697560975609756,0.196619912981987,0.883248730964467
"65","Cory_Joe",-1.74633204936981,0.532994923857868,-1.51289319992065,0.641463414634146,-1.03572940826416,0.700507614213198
"66","CoryJay34",-3.70836114883423,0.236040609137056,-2.23680925369263,0.460975609756098,-3.32002353668213,0.309644670050761
"67","D_Daniels2",-5.91287612915039,0.0685279187817259,-4.59222936630249,0.102439024390244,-5.37375164031982,0.121827411167513
"68","D_Jay11",-1.06505870819092,0.690355329949239,-0.593894064426422,0.807317073170732,-0.947750508785248,0.728426395939086
"69","daanteee",-2.40615057945251,0.411167512690355,-3.02393007278442,0.290243902439024,-2.91158747673035,0.357868020304569
"70","DakariJohnson",-1.3702757358551,0.609137055837564,-1.81382083892822,0.563414634146341,-0.1983293145895,0.83756345177665
"71","Dame_Lillard",1.65434229373932,0.977157360406091,1.89488315582275,0.98780487804878,4.10252523422241,0.99492385786802
"72","DamienINGLIS",-5.68865823745728,0.0786802030456853,-4.17171001434326,0.129268292682927,-5.37231206893921,0.124365482233503
"73","danielorton21",-2.92788004875183,0.319796954314721,-4.70064973831177,0.0926829268292683,-3.63874554634094,0.266497461928934
"74","dariosaric",-0.828417360782623,0.730964467005076,-1.94391345977783,0.536585365853659,-2.00830388069153,0.540609137055838
"75","dariusmorris4",-4.74483394622803,0.149746192893401,-4.04794025421143,0.141463414634146,-4.37779808044434,0.197969543147208
"76","DBender03",-2.91526556015015,0.322335025380711,-3.00463485717773,0.297560975609756,-2.81904149055481,0.373096446700508
"77","DBertans_42",-1.7732150554657,0.525380710659898,-3.47243046760559,0.219512195121951,0.290685683488846,0.888324873096447
"78","DeandreAyton",-0.0971604883670807,0.865482233502538,-1.10816240310669,0.726829268292683,-0.429675310850143,0.799492385786802
"79","DeAnthonyMelton",-2.19162464141846,0.461928934010152,-3.00021600723267,0.3,-2.33818650245667,0.477157360406091
"80","DejounteMurray",-1.72771501541138,0.543147208121827,-0.779190957546234,0.780487804878049,-1.23439753055573,0.654822335025381
"81","dekker",-1.22684764862061,0.644670050761421,-0.0734049379825592,0.885365853658537,-1.54980385303497,0.601522842639594
"82","delonwright",0.527321934700012,0.934010152284264,1.2527517080307,0.958536585365854,0.662599265575409,0.916243654822335
"83","denzelvalentine",-1.64098334312439,0.558375634517767,-1.11437213420868,0.724390243902439,-2.49018549919128,0.451776649746193
"84","DevinBooker31",-1.0842444896698,0.677664974619289,-2.32102608680725,0.424390243902439,0.469376623630524,0.906091370558376
"85","DevinEbanks3",-3.65492296218872,0.246192893401015,-2.50996661186218,0.397560975609756,-3.51216387748718,0.281725888324873
"86","DevMarble",-5.41712141036987,0.0888324873096447,0.342834830284119,0.929268292682927,-5.27649736404419,0.131979695431472
"87","Devonte4Graham",-2.45022439956665,0.403553299492386,-1.75257670879364,0.582926829268293,-3.75430512428284,0.258883248730964
"88","DeyontaDavis_04",-1.95841932296753,0.49746192893401,-3.42641830444336,0.221951219512195,-2.141282081604,0.517766497461929
"89","dfavors14",0.0793969184160233,0.890862944162436,-1.31666803359985,0.675609756097561,0.31307452917099,0.893401015228426
"90","DHilliard6X",-0.636870503425598,0.769035532994924,-4.45237874984741,0.114634146341463,-1.34360325336456,0.631979695431472
"91","Diamond_Stone33",-17.0249729156494,0.00761421319796954,-17.4111728668213,0.00731707317073171,-17.4591541290283,0.00761421319796954
"92","dillonbrooks24",-3.53634691238403,0.253807106598985,-3.25855183601379,0.248780487804878,-3.36162781715393,0.294416243654822
"93","dionwaiters3",-1.12780737876892,0.66497461928934,-2.95469665527344,0.314634146341463,-2.11230778694153,0.530456852791878
"94","Divincenzo",-0.342309594154358,0.817258883248731,-1.07976961135864,0.731707317073171,-0.00843511614948511,0.862944162436548
"95","DLamb20",-5.22395896911621,0.101522842639594,2.09244537353516,0.990243902439024,-5.74779176712036,0.109137055837563
"96","Dloading",0.0101689286530018,0.885786802030457,-3.55676889419556,0.207317073170732,-0.040094118565321,0.852791878172589
"97","DmillerKY",-2.5873818397522,0.368020304568528,-1.41212284564972,0.65609756097561,-2.58484172821045,0.431472081218274
"98","DonatasMot",-1.74583959579468,0.535532994923858,-2.61114478111267,0.380487804878049,-2.26880049705505,0.49492385786802
"99","Double0AG",-2.07187938690186,0.482233502538071,-0.872677862644196,0.753658536585366,-2.55105900764465,0.436548223350254
"100","dougmcdermott",-1.59644544124603,0.571065989847716,-1.38520753383636,0.660975609756098,-2.66033053398132,0.401015228426396
"101","Dreliggs34",-2.84156584739685,0.32741116751269,-2.84027743339539,0.336585365853659,-2.81174468994141,0.378172588832487
"102","DrewRoc5",-3.08113646507263,0.296954314720812,-2.30416560173035,0.431707317073171,-2.03849005699158,0.535532994923858
"103","Dsabonis11",-0.624899208545685,0.771573604060914,-2.22431015968323,0.468292682926829,-1.24909281730652,0.649746192893401
"104","DTP_Mario",-2.37335443496704,0.418781725888325,-1.72880029678345,0.592682926829268,-4.91168689727783,0.16497461928934
"105","Dwhite921",0.254477232694626,0.911167512690355,-1.59891951084137,0.629268292682927,-0.809507727622986,0.746192893401015
"106","DwightPowell33",-1.11367428302765,0.6751269035533,0.712496221065521,0.951219512195122,-6.78047704696655,0.0532994923857868
"107","DWXXIII",-2.10432815551758,0.474619289340102,-1.26943004131317,0.692682926829268,-1.87001037597656,0.568527918781726
"108","DzMusa",-1.36878514289856,0.611675126903553,-3.53734970092773,0.214634146341463,-3.50067377090454,0.284263959390863
"109","EBled2",-0.301427334547043,0.8248730964467,0.32330134510994,0.924390243902439,1.24533295631409,0.949238578680203
"110","EdmondSumner",-3.62181901931763,0.248730964467005,-1.46284306049347,0.653658536585366,-4.7316575050354,0.182741116751269
"111","EkpeUdoh",-3.47489166259766,0.258883248730964,-2.06266689300537,0.502439024390244,-11.3582010269165,0.0152284263959391
"112","elfrid",-1.70089936256409,0.555837563451777,-1.65250468254089,0.614634146341463,-0.893272638320923,0.738578680203046
"113","ElieOkobo_0",-3.66186428070068,0.241116751269036,-2.6166353225708,0.378048780487805,-4.10338973999023,0.213197969543147
"114","EnesKanter",-0.20233328640461,0.847715736040609,-0.621845960617065,0.804878048780488,-7.80106115341187,0.0304568527918782
"115","Englishscope24",-3.78865051269531,0.228426395939086,-3.56852722167969,0.2,-3.79833030700684,0.256345177664975
"116","ETwaun55",-2.24407076835632,0.446700507614213,-2.04365801811218,0.509756097560976,-2.01715874671936,0.538071065989848
"117","ewill901",-3.70753049850464,0.238578680203046,-3.00886750221252,0.295121951219512,-4.04883289337158,0.218274111675127
"118","farouq1",-1.25550580024719,0.639593908629442,-3.1978497505188,0.265853658536585,-1.22692215442657,0.65989847715736
"119","FCHWPO",-0.722936749458313,0.751269035532995,-1.70942902565002,0.597560975609756,-1.3577253818512,0.626903553299492
"120","fearthefro95",-0.864974617958069,0.720812182741117,-1.9213730096817,0.546341463414634,-2.31284642219543,0.484771573604061
"121","Fergskii",-3.01296806335449,0.309644670050761,-2.96886658668518,0.302439024390244,-3.93713784217834,0.236040609137056
"122","festus",-1.90176165103912,0.510152284263959,-1.87658715248108,0.55609756097561,-2.41559457778931,0.464467005076142
"123","FlightLeslie23",-3.44534730911255,0.261421319796954,-1.28236615657806,0.690243902439024,-2.18478751182556,0.50761421319797
"124","FlyDre21",-1.60564064979553,0.565989847715736,-3.13948631286621,0.270731707317073,-0.552809119224548,0.771573604060914
"125","FrankLikina",-4.51840400695801,0.16497461928934,-4.60143899917603,0.1,-3.68565678596497,0.261421319796954
"126","french_savage",-2.5299289226532,0.388324873096447,-4.72700119018555,0.0902439024390244,-3.29428768157959,0.317258883248731
"127","FSKPart3",-1.31509685516357,0.616751269035533,-1.69087588787079,0.602439024390244,-0.650425970554352,0.756345177664975
"128","FWJackson15",-4.12986612319946,0.195431472081218,-3.7516462802887,0.173170731707317,-4.4423360824585,0.195431472081218
"129","G_P_06",-3.89667916297913,0.208121827411168,-3.74348092079163,0.175609756097561,-3.95299983024597,0.233502538071066
"130","GeorgesNiang20",-1.30794131755829,0.619289340101523,-1.74842011928558,0.585365853658537,-0.99586421251297,0.718274111675127
"131","Giannis_An34",3.344398021698,0.99492385786802,1.28093063831329,0.960975609756098,2.49750947952271,0.979695431472081
"132","Goodknight11",-1.07263565063477,0.682741116751269,-2.0178074836731,0.514634146341463,-1.90960156917572,0.563451776649746
"133","gordonhayward",0.00735950283706188,0.883248730964467,1.32675659656525,0.970731707317073,1.15961146354675,0.941624365482233
"134","GorguiDieng",-0.183191806077957,0.852791878172589,-1.16122496128082,0.714634146341463,-0.355166167020798,0.814720812182741
"135","GraysonJAllen",-2.47607231140137,0.398477157360406,-2.9569354057312,0.31219512195122,-2.59198784828186,0.428934010152284
"136","GudaitisAG",-4.98460245132446,0.121827411167513,-6.18991041183472,0.0292682926829268,-6.90961074829102,0.0482233502538071
"137","H55ndiaye",-2.56635999679565,0.375634517766497,-3.5215106010437,0.217073170731707,-3.60424375534058,0.271573604060914
"138","hamidoudiallo",-3.88465285301208,0.210659898477157,-2.31178402900696,0.429268292682927,-4.15304470062256,0.208121827411168
"139","hbarnes",-1.15213704109192,0.66243654822335,-1.64524185657501,0.617073170731707,-1.05124950408936,0.692893401015228
"140","HenryEllenson13",-2.32650256156921,0.428934010152284,-2.23860573768616,0.458536585365854,-4.02979898452759,0.223350253807107
"141","HGiiizzle",-1.53389275074005,0.581218274111675,-1.86207962036133,0.560975609756098,-2.81075668334961,0.380710659898477
"142","Highway_30",-14.5932102203369,0.0101522842639594,-3.41924285888672,0.224390243902439,-15.4100570678711,0.0101522842639594
"143","IAmCHAP24",-0.824418663978577,0.733502538071066,-2.22267270088196,0.470731707317073,-0.979183495044708,0.720812182741117
"144","IAmJustise",-1.49244427680969,0.591370558375635,-2.00715088844299,0.517073170731707,-1.49556744098663,0.609137055837564
"145","iAmSJ",-2.72253441810608,0.342639593908629,-2.38197493553162,0.414634146341463,-3.54974150657654,0.279187817258883
"146","IkePostrs_",-1.95511448383331,0.5,-1.55899941921234,0.634146341463415,-1.60913109779358,0.588832487309645
"147","ilknkrmn",-5.66335773468018,0.0812182741116751,-4.52513360977173,0.107317073170732,-5.02243757247925,0.15989847715736
"148","imanshumpert",-1.42587792873383,0.601522842639594,-2.12627077102661,0.485365853658537,-1.36261367797852,0.621827411167513
"149","iMarkelBrown22",-2.08683753013611,0.477157360406091,-1.8708324432373,0.558536585365854,-3.07999491691589,0.33248730964467
"150","Ipjh55",-2.53166937828064,0.383248730964467,-2.2341525554657,0.465853658536585,-2.50163197517395,0.449238578680203
"151","isaacbonga",-2.81727075576782,0.32994923857868,-2.84747052192688,0.334146341463415,-3.02929377555847,0.33756345177665
"152","isaiahthomas",1.12844085693359,0.969543147208122,1.68522596359253,0.982926829268293,1.03151261806488,0.934010152284264
"153","isaiahwhitehead",-1.57884180545807,0.573604060913706,-4.65466594696045,0.0951219512195122,-2.38507795333862,0.469543147208122
"154","ivicazubac",-0.296599060297012,0.82741116751269,-0.624808311462402,0.802439024390244,-0.241277515888214,0.83248730964467
"155","J_Goin_HAM",-0.581339120864868,0.776649746192893,-0.575429141521454,0.81219512195122,-0.401989877223969,0.809644670050761
"156","j_josh11",-3.0655415058136,0.299492385786802,-3.56321382522583,0.202439024390244,-3.83480024337769,0.251269035532995
"157","J_Rich1",-0.664750218391418,0.763959390862944,-1.98617231845856,0.524390243902439,-0.29882949590683,0.8248730964467
"158","J1Flight",-4.91224908828735,0.134517766497462,-0.245041385293007,0.860975609756098,-4.86759662628174,0.175126903553299
"159","J30_RANDLE",-0.317474484443665,0.822335025380711,0.121746256947517,0.904878048780488,-1.22777891159058,0.657360406091371
"160","j3vans1_",-5.946129322052,0.065989847715736,-4.20662498474121,0.126829268292683,-5.17837572097778,0.139593908629442
"161","JabariParker",-1.6198296546936,0.563451776649746,-0.870453715324402,0.760975609756098,-0.867204904556274,0.741116751269036
"162","JacobEvans_1",-5.22906875610352,0.0989847715736041,-4.91325521469116,0.0829268292682927,-5.96213293075562,0.0913705583756345
"163","JahlilOkafor",-1.95027828216553,0.50253807106599,-2.67992496490479,0.370731707317073,-1.78809523582458,0.576142131979695
"164","JaJuanJohnson",-3.58686256408691,0.251269035532995,-3.24642276763916,0.251219512195122,-2.96703791618347,0.345177664974619
"165","jalenbrunson1",-0.757753670215607,0.746192893401015,-2.79847073554993,0.341463414634146,-1.20805299282074,0.66497461928934
"166","JamesDa_Truth",-0.818389534950256,0.736040609137056,-1.18225157260895,0.709756097560976,-8.00641059875488,0.0279187817258883
"167","JanVesely24",-1.76126956939697,0.530456852791878,-3.91286730766296,0.15609756097561,-2.64497351646423,0.411167512690355
"168","Jared_Sully0",-0.835838198661804,0.728426395939086,-0.741410672664642,0.785365853658537,-0.190797865390778,0.84010152284264
"169","JarnellStokes",-1.26109862327576,0.634517766497462,-0.835380017757416,0.768292682926829,-0.594230055809021,0.761421319796954
"170","JaronBgame",-4.50045871734619,0.17005076142132,-2.15848278999329,0.482926829268293,-4.03496170043945,0.220812182741117
"171","jaytatum0",-0.202291578054428,0.850253807106599,0.0180582422763109,0.890243902439024,-0.281235903501511,0.82741116751269
"172","jcollins20_",0.61777263879776,0.939086294416244,-0.232131898403168,0.865853658536585,0.486296564340591,0.908629441624365
"173","jcraw55",-1.41387820243835,0.604060913705584,-1.92578613758087,0.54390243902439,-1.08561837673187,0.685279187817259
"174","JeffWithey",-0.205514624714851,0.845177664974619,-0.509207785129547,0.819512195121951,-0.500862896442413,0.786802030456853
"175","JeramiGrant",-3.41290998458862,0.266497461928934,-1.63922226428986,0.619512195121951,-2.67284727096558,0.395939086294416
"176","JeremyEvans40",0.906798779964447,0.959390862944162,-1.09798848628998,0.729268292682927,0.488317847251892,0.911167512690355
"177","jhuestis",-3.10352110862732,0.294416243654822,-3.06281614303589,0.282926829268293,-2.51555800437927,0.446700507614213
"178","jimmerfredette",-1.27312183380127,0.631979695431472,-2.45694589614868,0.407317073170732,-2.17743396759033,0.512690355329949
"179","JimmyButler",-1.24002623558044,0.642131979695431,2.26364994049072,0.992682926829268,-1.99283266067505,0.545685279187817
"180","JJacks_44",-2.59496974945068,0.362944162436548,-2.94537401199341,0.317073170731707,-4.59259796142578,0.185279187817259
"181","JJudahIsaac",-0.154841929674149,0.855329949238579,-0.440093189477921,0.829268292682927,-2.36432337760925,0.472081218274112
"182","jlamb",-0.895802974700928,0.710659898477157,-0.291842311620712,0.853658536585366,-0.55404144525528,0.766497461928934
"183","JLayman10",-2.07819151878357,0.479695431472081,-3.3563494682312,0.236585365853659,-1.55119407176971,0.598984771573604
"184","Jmickey_02",-4.61050891876221,0.157360406091371,-3.03071808815002,0.28780487804878,-1.06973445415497,0.687817258883249
"185","JoelEmbiid",2.65418577194214,0.99238578680203,1.87390971183777,0.985365853658537,2.73456287384033,0.984771573604061
"186","JoeyBuckets3",-2.71422410011292,0.345177664974619,0.311896443367004,0.921951219512195,-9.94649696350098,0.0203045685279188
"187","Johnhenson31",-1.29197514057159,0.626903553299492,-0.401086360216141,0.839024390243902,0.0273056197911501,0.873096446700508
"188","JohnnyCashVU23",-2.30074620246887,0.434010152284264,-0.104222774505615,0.882926829268293,-1.18497240543365,0.67005076142132
"189","JohnWall",0.889358818531036,0.956852791878173,1.31861913204193,0.968292682926829,2.11168575286865,0.969543147208122
"190","Jonahbolden43",-2.23553371429443,0.454314720812183,-2.19068169593811,0.478048780487805,-1.25118446350098,0.647208121827411
"191","JonLeuer30",-1.16725039482117,0.654822335025381,-1.31687319278717,0.673170731707317,-0.370720386505127,0.812182741116751
"192","jordanadams1231",-0.0197556391358376,0.875634517766497,0.269977420568466,0.917073170731707,1.33664059638977,0.951776649746193
"193","JordanClarksons",-0.864689588546753,0.723350253807107,-2.55817365646362,0.38780487804878,-0.567761480808258,0.763959390862944
"194","JordyMac52",-2.22202944755554,0.459390862944162,-1.72383117675781,0.595121951219512,-2.40427422523499,0.467005076142132
"195","joshhart",-3.38535261154175,0.269035532994924,-1.30162024497986,0.682926829268293,-1.99757957458496,0.543147208121827
"196","JusAnderson1",-0.80425637960434,0.741116751269036,-0.672770380973816,0.790243902439024,-1.6061544418335,0.591370558375635
"197","Justin__41",-1.97843980789185,0.49492385786802,-1.59984469413757,0.626829268292683,-0.413893908262253,0.804568527918782
"198","JustinPatton17",-0.246374204754829,0.84010152284264,-1.92788517475128,0.539024390243902,-2.33653950691223,0.479695431472081
"199","JValanciunas",-0.666360318660736,0.761421319796954,-0.646764695644379,0.795121951219512,0.23662281036377,0.885786802030457
"200","JVando",0.240464463829994,0.908629441624365,-1.91507041454315,0.551219512195122,-5.14014625549316,0.147208121827411
"201","Jwilliams20",-2.57384562492371,0.373096446700508,-1.48393499851227,0.648780487804878,-5.82430505752563,0.0989847715736041
"202","KarlTowns",2.04971694946289,0.982233502538071,2.36033844947815,0.995121951219512,2.2992787361145,0.977157360406091
"203","kawhileonard",4.98485374450684,1,4.01558828353882,1,4.99003505706787,1
"204","kazemiworld",-5.17861080169678,0.104060913705584,-3.92654132843018,0.153658536585366,-6.39364671707153,0.0736040609137056
"205","KBD_33",-1.50339269638062,0.586294416243655,-3.03792929649353,0.285365853658537,-1.26447093486786,0.644670050761421
"206","KButter5",-3.8610987663269,0.213197969543147,-1.90913307666779,0.553658536585366,-3.96659588813782,0.230964467005076
"207","Keefmorris",-2.42117404937744,0.408629441624365,-2.00451874732971,0.519512195121951,-2.18483710289001,0.50507614213198
"208","KellyOlynyk",-0.338551968336105,0.819796954314721,-1.80681991577148,0.568292682926829,1.157599568367,0.939086294416244
"209","KembaWalker",-0.104728475213051,0.862944162436548,1.46809649467468,0.978048780487805,-1.54908406734467,0.604060913705584
"210","KevinHuerter",-1.06904006004333,0.687817258883249,-1.01428151130676,0.741463414634146,-1.41934549808502,0.614213197969543
"211","KevKnox",-0.90118283033371,0.708121827411167,-3.58151292800903,0.197560975609756,-4.44610452651978,0.192893401015228
"212","kherv_25",-4.7520055770874,0.147208121827411,-2.96821808815002,0.304878048780488,-4.15140342712402,0.210659898477157
"213","Khris22m",0.459860354661942,0.928934010152284,-1.67020392417908,0.604878048780488,0.394278913736343,0.901015228426396
"214","Khyri_2",-3.91401267051697,0.205583756345178,-3.85616159439087,0.160975609756098,-5.27279138565063,0.134517766497462
"215","KingMali23",-6.19234991073608,0.0609137055837563,-0.432438313961029,0.831707317073171,-5.80474901199341,0.101522842639594
"216","KingMe_DJ1",-21.1717166900635,0.0050761421319797,-18.7205677032471,0.0048780487804878,-21.4194030761719,0.0050761421319797
"217","KJMcDaniels",-2.13608050346375,0.472081218274112,-4.03746700286865,0.14390243902439,-2.90553712844849,0.360406091370558
"218","KlayThompson",-0.150993391871452,0.857868020304569,-0.470220059156418,0.821951219512195,0.173285901546478,0.880710659898477
"219","KMurph_55",-12.9597578048706,0.0126903553299492,-11.8326692581177,0.00975609756097561,-12.5203809738159,0.0126903553299492
"220","KONJames10",-2.47351622581482,0.401015228426396,-2.64044094085693,0.373170731707317,-1.98623752593994,0.550761421319797
"221","Kostas_ante13",-2.99698972702026,0.312182741116751,-5.03660202026367,0.075609756097561,-3.64750337600708,0.263959390862944
"222","kporzee",-0.354105770587921,0.809644670050761,-0.142922133207321,0.878048780487805,1.17440271377563,0.944162436548223
"223","KrisDunn3",-0.350211352109909,0.814720812182741,-3.01865339279175,0.292682926829268,-2.22000861167908,0.50253807106599
"224","kulboka98",-5.16835165023804,0.106598984771574,-2.42348885536194,0.409756097560976,-6.17467355728149,0.083756345177665
"225","Kyle_OQuinn",-0.714978635311127,0.753807106598985,-1.03836607933044,0.739024390243902,0.675221800804138,0.918781725888325
"226","KyleAnderson5",-2.23817539215088,0.451776649746193,-3.73370027542114,0.182926829268293,-6.44501733779907,0.0609137055837563
"227","kylekuzma",-1.32694685459137,0.614213197969543,-2.26517009735107,0.441463414634146,-2.63971781730652,0.416243654822335
"228","KyleSingler",-2.59151601791382,0.365482233502538,-1.36201918125153,0.665853658536585,-1.59495794773102,0.593908629441624
"229","KyrieIrving",2.38488054275513,0.987309644670051,1.30134677886963,0.963414634146341,2.63921117782593,0.982233502538071
"230","l8show_thegoat",-0.908347427845001,0.705583756345178,-1.6086323261261,0.624390243902439,-1.00840973854065,0.708121827411167
"231","Lac25_",-6.58384609222412,0.0558375634517767,-5.58449697494507,0.0439024390243902,-7.49635314941406,0.032994923857868
"232","landryfields",-4.82565879821777,0.144670050761421,-2.05578517913818,0.504878048780488,-7.12252235412598,0.0380710659898477
"233","landryshamet",-0.275165975093842,0.83248730964467,-2.09867858886719,0.492682926829268,0.153106272220612,0.878172588832487
"234","Lanky_Smoove",-1.53092658519745,0.583756345177665,-2.36372423171997,0.417073170731707,-3.08576321601868,0.32994923857868
"235","LeaderOfHorde",-0.725752890110016,0.748730964467005,-4.02033662796021,0.146341463414634,-0.899219036102295,0.736040609137056
"236","leafsquad22",-1.48908126354218,0.593908629441624,-1.5073709487915,0.64390243902439,-1.01449513435364,0.705583756345178
"237","lonniewalker_4",-3.65686941146851,0.243654822335025,-3.39382147789001,0.231707317073171,-2.63260674476624,0.418781725888325
"238","Loon_Rebel5",-1.12423646450043,0.66751269035533,-0.872080087661743,0.758536585365854,-1.04442059993744,0.695431472081218
"239","luka7doncic",-3.8246762752533,0.223350253807107,-2.62933993339539,0.375609756097561,-2.97031235694885,0.34010152284264
"240","LukeKennard5",-0.296474754810333,0.82994923857868,-2.07892560958862,0.5,-1.34189319610596,0.634517766497462
"241","M10OSE",0.102157101035118,0.898477157360406,-0.247532844543457,0.858536585365854,0.923994481563568,0.931472081218274
"242","M3Thornton",-5.27698230743408,0.0964467005076142,-4.47264575958252,0.11219512195122,-5.94766664505005,0.0939086294416244
"243","MalcolmBrogdon7",0.822730779647827,0.946700507614213,-0.754359483718872,0.782926829268293,-0.0125862630084157,0.860406091370558
"244","marcuspaige5",-7.75913524627686,0.0203045685279188,-7.24629354476929,0.0219512195121951,-7.00769472122192,0.0431472081218274
"245","mariohezonja",-2.38890385627747,0.413705583756345,-0.36526495218277,0.846341463414634,-2.60716509819031,0.426395939086294
"246","MarkelleF",-2.23878121376038,0.449238578680203,-3.73476338386536,0.180487804878049,-2.46811628341675,0.456852791878173
"247","MarkkanenLauri",-0.670820713043213,0.758883248730964,-0.445013433694839,0.824390243902439,-0.53028529882431,0.776649746192893
"248","marquisteague25",-4.49891805648804,0.17258883248731,-5.07766246795654,0.0707317073170732,-6.37699508666992,0.0761421319796954
"249","Marshon2",-1.72813296318054,0.540609137055838,-2.87872290611267,0.324390243902439,1.49853122234344,0.956852791878173
"250","MartinJarell",-3.72843933105469,0.230964467005076,-4.09140110015869,0.136585365853659,-3.20490622520447,0.3248730964467
"251","masonplumlee",0.451304167509079,0.926395939086294,-1.31142115592957,0.678048780487805,0.76918351650238,0.923857868020305
"252","Mbeasy5",-1.25994157791138,0.637055837563452,-1.05065524578094,0.736585365853659,-1.00557482242584,0.713197969543147
"253","mcarterwilliams",-0.641399502754211,0.766497461928934,-0.539486348628998,0.814634146341463,-1.0287127494812,0.703045685279188
"254","melvinjrrr",-7.00777101516724,0.0355329949238579,-3.55343890190125,0.209756097560976,-4.93924999237061,0.16243654822335
"255","MeyersLeonard",-1.18895375728607,0.649746192893401,0.00925407931208611,0.88780487804878,-0.967173874378204,0.723350253807107
"256","mikal_bridges",-0.0309699289500713,0.873096446700508,-1.9477801322937,0.534146341463415,0.605246841907501,0.913705583756345
"257","mikegbinije",-9.80994129180908,0.0152284263959391,-9.04138851165771,0.0121951219512195,-10.6623039245605,0.0177664974619289
"258","mikemuscala",-7.1771821975708,0.0304568527918782,-1.23964822292328,0.7,-7.0418496131897,0.0406091370558376
"259","MilesBridges",-2.34561657905579,0.423857868020305,-0.905266940593719,0.751219512195122,-1.11511039733887,0.682741116751269
"260","mitchmcgary",-2.37440943717957,0.416243654822335,-2.21751189231873,0.473170731707317,-1.17281579971313,0.67258883248731
"261","MizzouMonster12",-6.84204483032227,0.0431472081218274,-4.08014345169067,0.139024390243902,-1.04205679893494,0.697969543147208
"262","MKG14",-1.57079768180847,0.576142131979695,-2.0452606678009,0.507317073170732,-1.57676887512207,0.596446700507614
"263","Money23Green",0.823922514915466,0.949238578680203,1.37680017948151,0.973170731707317,1.47705221176147,0.954314720812183
"264","MONSTATREZZ",0.867551624774933,0.954314720812183,1.30833089351654,0.965853658536585,0.861393868923187,0.926395939086294
"265","MookMorris2",-0.529358685016632,0.789340101522843,-1.51532530784607,0.639024390243902,-1.24189734458923,0.652284263959391
"266","moritz_weasley",-3.03075337409973,0.307106598984772,-1.80836987495422,0.565853658536585,-2.95157384872437,0.350253807106599
"267","NateWolters",-3.0571756362915,0.302030456852792,-4.20697975158691,0.124390243902439,-5.23739194869995,0.137055837563452
"268","NdotSmitty",-4.64411401748657,0.154822335025381,-3.22941899299622,0.25609756097561,-4.49575757980347,0.190355329949239
"269","NemanjaBjelica",-0.609183669090271,0.774111675126904,-0.630026578903198,0.8,0.417212009429932,0.903553299492386
"270","NerlensNoel3",0.502727806568146,0.931472081218274,-0.401121377944946,0.836585365853659,0.292403340339661,0.890862944162436
"271","nextlevel_03",-0.701528310775757,0.756345177664975,-4.41208457946777,0.119512195121951,-1.90418684482574,0.565989847715736
"272","nicholaf44",-1.22127676010132,0.647208121827411,-2.74252724647522,0.353658536585366,-2.62937068939209,0.421319796954315
"273","NigelWG5",-3.93398070335388,0.203045685279188,-2.75871014595032,0.351219512195122,-3.60330843925476,0.274111675126904
"274","NikolaVucevic",0.214393615722656,0.906091370558376,-2.25429511070251,0.451219512195122,-2.26311945915222,0.49746192893401
"275","nikoradicevic",-6.72226285934448,0.050761421319797,-6.10360431671143,0.0317073170731707,-6.39405536651611,0.0710659898477157
"276","NMilutinov",-5.63455533981323,0.0862944162436548,-5.73633813858032,0.0390243902439024,-5.99120903015137,0.0888324873096447
"277","nolimittb31",-0.0343024842441082,0.870558375634518,-0.426566898822784,0.834146341463415,-1.93166017532349,0.560913705583756
"278","npowell2404",-7.24741506576538,0.0279187817258883,-1.0771906375885,0.734146341463415,-8.1812744140625,0.0228426395939086
"279","NStauskas11",-2.2466926574707,0.444162436548223,-2.33731937408447,0.421951219512195,-2.31128644943237,0.489847715736041
"280","OAnunoby",-0.882281064987183,0.715736040609137,-2.82338237762451,0.339024390243902,-0.924828290939331,0.730964467005076
"281","officialzhouqi",-8.87910938262939,0.0177664974619289,-7.4395956993103,0.0195121951219512,-6.70254468917847,0.0583756345177665
"282","OneBigHaitian",-1.4439959526062,0.596446700507614,-1.7835853099823,0.573170731707317,-2.12641072273254,0.520304568527919
"283","Original_Turner",0.362974762916565,0.921319796954315,-3.21928071975708,0.260975609756098,-0.616151392459869,0.758883248730964
"284","OrlandoVJohnson",-2.30041122436523,0.436548223350254,-2.69426846504211,0.368292682926829,-2.81303715705872,0.375634517766497
"285","OttoPorter",0.131904542446136,0.903553299492386,1.53735637664795,0.980487804878049,-0.701457142829895,0.753807106598985
"286","PAPPYGAWD",-3.38490128517151,0.271573604060914,-2.36334800720215,0.419512195121951,-3.92567944526672,0.241116751269036
"287","paulzzip",-3.29836487770081,0.274111675126904,-3.3057906627655,0.241463414634146,3.89392518997192,0.99238578680203
"288","pconnaughton",-0.353969693183899,0.812182741116751,0.0267095882445574,0.892682926829268,-0.341021060943604,0.817258883248731
"289","Perry_Jones1",-3.98811078071594,0.197969543147208,-2.28996300697327,0.436585365853659,-2.65664744377136,0.406091370558376
"290","petersalec",-0.561231851577759,0.781725888324873,-2.71085476875305,0.363414634146341,-2.11721110343933,0.522842639593909
"291","PeypeySiva3",-5.13969087600708,0.109137055837563,-0.111677169799805,0.880487804878049,-5.52885389328003,0.111675126903553
"292","pskills43",0.101832196116447,0.895939086294416,-0.254025161266327,0.85609756097561,-0.00112591963261366,0.865482233502538
"293","qmillertime",-3.70902991294861,0.233502538071066,-2.90826988220215,0.319512195121951,-3.36146903038025,0.296954314720812
"294","quese",-3.19266581535339,0.281725888324873,-1.98257911205292,0.526829268292683,-2.65768146514893,0.403553299492386
"295","QuincyAcy",-2.78474855422974,0.33756345177665,-1.39808225631714,0.658536585365854,-3.61591029167175,0.269035532994924
"296","QuincyPondexter",-1.60107839107513,0.568527918781726,-3.54304599761963,0.21219512195122,-1.6785329580307,0.586294416243655
"297","R_Xmas25",-3.85790276527405,0.215736040609137,-3.41722083091736,0.226829268292683,-2.44686150550842,0.461928934010152
"298","RaulTogni",-2.70230889320374,0.350253807106599,-1.65343081951141,0.61219512195122,-2.33148241043091,0.482233502538071
"299","RayMac3",-2.53035449981689,0.385786802030457,-2.25137710571289,0.453658536585366,-2.8999445438385,0.362944162436548
"300","RaySpalding_4",-4.29277467727661,0.185279187817259,-0.301805585622787,0.851219512195122,-5.10657930374146,0.154822335025381
"301","Realbabbitt08",-1.73354804515839,0.538071065989848,-1.80047845840454,0.570731707317073,-2.11524748802185,0.527918781725888
"302","RealDealBeal23",1.11364090442657,0.967005076142132,1.38221824169159,0.975609756097561,1.53956520557404,0.959390862944162
"303","RealKITO",-6.82888126373291,0.0456852791878173,-6.02105093002319,0.0341463414634146,-6.40961694717407,0.0634517766497462
"304","RealKrisJo",-7.35810661315918,0.0253807106598985,-8.51076793670654,0.0146341463414634,-8.17407417297363,0.0253807106598985
"305","REALRICKLEDO1",-7.15751361846924,0.032994923857868,-8.08261108398438,0.0170731707317073,-6.81719350814819,0.050761421319797
"306","RealStevenAdams",-0.21147446334362,0.842639593908629,0.526054978370667,0.94390243902439,0.334743499755859,0.895939086294416
"307","RealSwat32",-2.93262958526611,0.314720812182741,-2.09176969528198,0.495121951219512,-2.8571720123291,0.368020304568528
"308","RealTristan13",-1.79340279102325,0.520304568527919,-1.69147968292236,0.6,-1.34131491184235,0.637055837563452
"309","Reggie_Jackson",-0.259244859218597,0.83756345177665,0.198327764868736,0.907317073170732,0.0154719948768616,0.868020304568528
"310","ReggieBullock35",-2.55372142791748,0.378172588832487,-0.86890184879303,0.763414634146341,-1.00813269615173,0.710659898477157
"311","Rich_Holmes22",0.0799586176872253,0.893401015228426,-1.32025825977325,0.670731707317073,-1.45221507549286,0.611675126903553
"312","rob_williamsIII",1.5710027217865,0.974619289340102,-0.359171450138092,0.848780487804878,2.1383056640625,0.972081218274112
"313","RobbieHummel",-2.70041656494141,0.352791878172589,-2.24120688438416,0.45609756097561,-2.96979451179504,0.342639593908629
"314","RODIONS1",-2.02749109268188,0.484771573604061,-1.92613172531128,0.541463414634146,-3.05617427825928,0.33502538071066
"315","rodneyhood",-0.556159973144531,0.784263959390863,-2.7591860294342,0.348780487804878,-0.433259755373001,0.796954314720812
"316","ROEOSBY24",-6.80996084213257,0.0482233502538071,-5.45139932632446,0.0536585365853659,-6.26441860198975,0.0786802030456853
"317","Rome_Coldbucks1",-3.05017781257629,0.304568527918782,-2.5338921546936,0.390243902439024,-4.17202472686768,0.205583756345178
"318","rudygobert27",2.25995302200317,0.984771573604061,0.273210078477859,0.919512195121951,2.75381112098694,0.987309644670051
"319","RyanKelly34",-1.17501127719879,0.652284263959391,-2.07942295074463,0.497560975609756,-2.47828841209412,0.454314720812183
"320","SanonIssuf",-7.0074634552002,0.0380710659898477,-5.92041015625,0.0365853658536585,-6.13540840148926,0.0862944162436548
"321","satoransky",-2.58358597755432,0.370558375634518,-0.94851541519165,0.746341463414634,-4.55391025543213,0.187817258883249
"322","SDinwiddie_25",-0.124748259782791,0.860406091370558,-0.389099270105362,0.841463414634146,-0.131764262914658,0.847715736040609
"323","SemajChriston",-1.28958308696747,0.629441624365482,-2.53165507316589,0.392682926829268,-2.75063943862915,0.388324873096447
"324","semi",-2.89278221130371,0.3248730964467,-2.02348947525024,0.51219512195122,-3.82854747772217,0.253807106598985
"325","ShabazzMuhammad",-1.84093129634857,0.515228426395939,-2.29378652572632,0.434146341463415,-1.76750385761261,0.578680203045685
"326","ShabazzNapier",-0.814050614833832,0.738578680203046,-0.692154407501221,0.787804878048781,-0.535726368427277,0.774111675126904
"327","shaiglalex",0.420301765203476,0.923857868020305,-0.653246998786926,0.792682926829268,-1.1166695356369,0.680203045685279
"328","ShaneLarkin_3",-0.50491064786911,0.794416243654822,-2.3194534778595,0.426829268292683,-2.30736899375916,0.49238578680203
"329","ShelvinMack",-0.920821845531464,0.697969543147208,-1.77720141410828,0.575609756097561,-2.31217217445374,0.487309644670051
"330","ShowtimeMr1",-5.03531503677368,0.116751269035533,-3.07485198974609,0.278048780487805,-3.60053849220276,0.276649746192893
"331","Sin_City_803",-6.04655742645264,0.0634517766497462,0.258616477251053,0.914634146341463,-1.21212041378021,0.66243654822335
"332","SiP03",-0.874090254306793,0.718274111675127,-2.47898554801941,0.402439024390244,-2.65386009216309,0.408629441624365
"333","Sirdom1",-4.89633226394653,0.137055837563452,-4.15295743942261,0.131707317073171,-5.76589250564575,0.106598984771574
"334","smart_MS3",-0.837907791137695,0.725888324873096,-1.18332087993622,0.707317073170732,-1.06397867202759,0.690355329949239
"335","SniperShake",-1.49564552307129,0.588832487309645,-0.936937093734741,0.748780487804878,-1.00455117225647,0.715736040609137
"336","solohill",-1.56997346878052,0.578680203045685,-1.65899908542633,0.609756097560976,-2.61127114295959,0.423857868020305
"337","spidadmitchell",0.763219237327576,0.944162436548223,0.207671463489532,0.909756097560976,0.381233662366867,0.898477157360406
"338","StephensonLance",-1.12039721012115,0.67258883248731,-0.228776067495346,0.868292682926829,-0.821043312549591,0.743654822335025
"339","Sviat_10",-2.78537893295288,0.33502538071066,-3.68586206436157,0.190243902439024,-2.93066740036011,0.352791878172589
"340","swipathefox",0.54345577955246,0.936548223350254,-0.790495634078979,0.778048780487805,-0.55317234992981,0.769035532994924
"341","T_Rozzay3",-0.381078720092773,0.807106598984772,-0.237892925739288,0.863414634146341,-1.86600041389465,0.571065989847716
"342","taureanprince",-2.00274515151978,0.49238578680203,-1.98938477039337,0.521951219512195,-2.11662268638611,0.525380710659898
"343","taybowl_",-5.38776969909668,0.0913705583756345,-3.56168389320374,0.204878048780488,-5.11798906326294,0.152284263959391
"344","TDORSEY_1",-2.75310516357422,0.34010152284264,-1.63319706916809,0.621951219512195,-1.98438239097595,0.553299492385787
"345","TerrenceJones1",-0.00652172416448593,0.878172588832487,-1.97829127311707,0.529268292682927,-0.0609633028507233,0.850253807106599
"346","TerrenceRoss",-1.16511332988739,0.657360406091371,0.228235989809036,0.91219512195122,-0.176065787672997,0.842639593908629
"347","TerricoWhite5",-5.08826017379761,0.114213197969543,-5.12882375717163,0.0682926829268293,-5.39155054092407,0.119289340101523
"348","thatnegus_sb",-1.77318370342255,0.527918781725888,-2.70856523513794,0.365853658536585,-1.93768620491028,0.555837563451777
"349","thats_G_",-0.0593103654682636,0.868020304568528,-0.537763118743896,0.817073170731707,-0.447667449712753,0.794416243654822
"350","The_Fourth_Wade",-4.70742511749268,0.152284263959391,-3.20966196060181,0.263414634146341,-4.8710732460022,0.17258883248731
"351","thekidet",-2.70456385612488,0.347715736040609,-0.99341207742691,0.74390243902439,-2.17624139785767,0.515228426395939
"352","TheTraeYoung",1.54719805717468,0.972081218274112,0.0919927060604095,0.897560975609756,-0.167945697903633,0.845177664974619
"353","THEwillieCS15",-0.409839272499084,0.804568527918782,-1.37425649166107,0.663414634146341,-0.957596004009247,0.725888324873096
"354","thoneycutt23",-4.94096660614014,0.124365482233503,-3.18631291389465,0.268292682926829,-3.92637157440186,0.238578680203046
"355","ThonMaker14",-1.29820835590363,0.624365482233503,-3.22091889381409,0.258536585365854,-2.53084278106689,0.441624365482233
"356","timcabs",-3.22978925704956,0.276649746192893,-3.98396611213684,0.148780487804878,-3.85182189941406,0.246192893401015
"357","tobias31",0.327875405550003,0.918781725888325,0.100980430841446,0.9,-0.415292918682098,0.802030456852792
"358","ToBrad1",0.118966221809387,0.901015228426396,0.558627605438232,0.946341463414634,-2.66049742698669,0.398477157360406
"359","TokoShengelia23",-4.51754951477051,0.16751269035533,-4.49438095092773,0.109756097560976,-5.7867636680603,0.104060913705584
"360","TomislavZubcic7",-3.17407488822937,0.284263959390863,-5.04281759262085,0.0731707317073171,1.2119882106781,0.946700507614213
"361","tomwelsh40",-1.43124520778656,0.598984771573604,0.327648162841797,0.926829268292683,-2.92639541625977,0.355329949238579
"362","Tone10Carr",-5.89122200012207,0.0710659898477157,-4.11425018310547,0.134146341463415,-6.19314575195312,0.0812182741116751
"363","TonySnell21_",-4.84111356735229,0.142131979695431,-2.26033902168274,0.448780487804878,-2.17924642562866,0.510152284263959
"364","TonyWarrenJr",-0.915796041488647,0.700507614213198,-1.17302644252777,0.712195121951219,-0.520921528339386,0.779187817258883
"365","TreyBurke",-1.05974233150482,0.692893401015228,-1.13770127296448,0.717073170731707,-1.34742748737335,0.629441624365482
"366","TreyLyles",-2.50726842880249,0.393401015228426,-1.58306312561035,0.631707317073171,-5.04008102416992,0.157360406091371
"367","Trobinson0",-4.34929037094116,0.182741116751269,-3.23946237564087,0.253658536585366,-2.70273113250732,0.393401015228426
"368","Tru_Harp32",-7.43350601196289,0.0228426395939086,-4.95307302474976,0.0804878048780488,-6.91785049438477,0.0456852791878173
"369","tulis3",-4.18865776062012,0.190355329949239,-2.73880863189697,0.35609756097561,-3.18576741218567,0.32741116751269
"370","TwoShotOne",-4.55511856079102,0.15989847715736,-5.13760995864868,0.0658536585365854,-3.98128604888916,0.228426395939086
"371","TWroten_LOE",-3.43702054023743,0.263959390862944,-1.73662447929382,0.58780487804878,-2.55612325668335,0.434010152284264
"372","TylerEnnis",-1.71437346935272,0.548223350253807,-2.86085653305054,0.326829268292683,-2.75426626205444,0.385786802030457
"373","tyshawntaylor",-1.01408088207245,0.695431472081218,-0.832464337348938,0.770731707317073,-0.308034032583237,0.822335025380711
"374","TyWallace661",-4.5409631729126,0.16243654822335,-3.07320618629456,0.280487804878049,-3.2991418838501,0.314720812182741
"375","UCjwilcox23W",-4.14950466156006,0.192893401015228,-2.5980384349823,0.382926829268293,-3.8476300239563,0.248730964467005
"376","VE_12",-4.93695259094238,0.126903553299492,-4.35171508789062,0.121951219512195,-4.83245515823364,0.177664974619289
"377","vernon_macklin",-0.882468998432159,0.713197969543147,-0.190378203988075,0.873170731707317,-0.0328644476830959,0.855329949238579
"378","VicOladipo",-1.70632648468018,0.553299492385787,0.471089333295822,0.939024390243902,-0.517708957195282,0.781725888324873
"379","WesJohnson4",-1.08302879333496,0.680203045685279,-2.85453987121582,0.329268292682927,-1.36246013641357,0.624365482233503
"380","wholeteamDot",-2.22684741020203,0.456852791878173,-2.58745098114014,0.385365853658537,-1.86374449729919,0.573604060913706
"381","WillTheThrillB5",-1.93008887767792,0.50507614213198,-1.77586483955383,0.578048780487805,-3.32504963874817,0.307106598984772
"382","XavierHenry",-3.96253418922424,0.200507614213198,-3.67098069190979,0.192682926829268,-4.88989782333374,0.16751269035533
"383","Xthames2",-5.65181636810303,0.083756345177665,-5.50786161422729,0.0487804878048781,-5.48241472244263,0.116751269035533
"384","Yg_Trece",-2.3378689289093,0.426395939086294,-1.12139105796814,0.721951219512195,-2.64159154891968,0.413705583756345
"385","YoungIvee",-2.27796649932861,0.439086294416244,-5.55600214004517,0.0463414634146341,-1.16663718223572,0.6751269035533
"386","YoungTRaaw",-5.11056327819824,0.111675126903553,-5.13972425460815,0.0634146341463415,-4.82735824584961,0.180203045685279
"387","youngwhiteside",2.38681483268738,0.989847715736041,-1.94882535934448,0.531707317073171,2.22196340560913,0.974619289340102
"388","ZachLaVine",-0.475290566682816,0.796954314720812,-0.859839379787445,0.765853658536585,-0.907430708408356,0.733502538071066
"389","zagorac_rade",-3.10787081718445,0.291878172588832,-1.13332140445709,0.719512195121951,-3.87699222564697,0.243654822335025
"390","zcollins_33",-2.16385936737061,0.467005076142132,-1.9176789522171,0.548780487804878,-2.7886688709259,0.383248730964467
"391","ZellerTyler",-2.35441780090332,0.421319796954315,-2.23595380783081,0.463414634146341,-1.93287909030914,0.558375634517767
"392","zhaire_smith",-5.27754211425781,0.0939086294416244,-6.41996145248413,0.0268292682926829,-5.48364496231079,0.114213197969543
"393","Zo_Brown",-2.80616736412048,0.33248730964467,-3.60209608078003,0.195121951219512,-3.31421208381653,0.312182741116751
"394","ZO2_",0.0306684076786041,0.888324873096447,-0.817434072494507,0.773170731707317,-0.517636358737946,0.784263959390863
